user_id,source_file,total_event_count,valid_timestamp_count,invalid_timestamp_count,has_pay,has_refund,pay_count,refund_count,payment_status,has_pay_then_refund,matched_pay_refund_pair_count,first_pay_timestamp,first_refund_timestamp,matched_pay_timestamp,first_refund_after_pay,pay_to_refund_hours,pay_to_refund_days,first_activity_timestamp,last_activity_before_refund,events_before_refund,active_days_before_refund,observation_days_before_refund,events_between_pay_refund,active_days_between_pay_refund,observation_days_between_pay_refund,first_learning_activity_timestamp,last_activity_timestamp,last_event_timestamp,pay_only_events_after_pay,pay_only_active_days_after_pay,pay_only_observation_days_after_pay,first_pay_days_before_data_end,first_pay_within_1_day_of_data_end,first_pay_within_3_days_of_data_end,first_pay_within_7_days_of_data_end,first_pay_within_14_days_of_data_end,first_pay_within_30_days_of_data_end
u1,u1.csv,3995,3995,0,1,0,1,0,pay_only,0,0,2019-08-29T13:06:32.237+00:00,,,,,,,,0,0,0.0,0,0,0.0,2019-08-06T12:55:51.269+00:00,2019-09-28T05:14:40.211+00:00,2019-09-28T05:14:40.211+00:00,2549,18,29.636347199074095,93.5194978125007,0,0,0,0,0
u10,u10.csv,5,5,0,0,0,0,0,neither,0,0,,,,,,,,,0,0,0.0,0,0,0.0,2019-08-30T06:38:28.108+00:00,2019-08-30T06:40:30.725+00:00,2019-08-30T06:40:30.725+00:00,,,,,0,0,0,0,0
u100,u100.csv,141,141,0,0,0,0,0,neither,0,0,,,,,,,,,0,0,0.0,0,0,0.0,2019-06-26T06:59:35.523+00:00,2019-06-29T21:29:19.216+00:00,2019-06-29T21:29:19.216+00:00,,,,,0,0,0,0,0
u1000,u1000.csv,8483,8483,0,1,0,1,0,pay_only,0,0,2019-02-03T18:31:21.827+00:00,,,,,,,,0,0,0.0,0,0,0.0,2019-02-03T03:19:44.295+00:00,2019-07-22T08:39:19.551+00:00,2019-07-22T08:39:19.551+00:00,7352,46,168.30359372685353,300.2939238541684,0,0,0,0,0
u10004,u10004.csv,10072,10072,0,0,0,0,0,neither,0,0,,,,,,,,,0,0,0.0,0,0,0.0,2019-06-20T14:29:39.722+00:00,2019-11-26T21:25:31.688+00:00,2019-11-26T21:25:31.688+00:00,,,,,0,0,0,0,0
u100043,u100043.csv,4658,4658,0,1,0,1,0,pay_only,0,0,2019-08-04T20:19:35.752+00:00,,,,,,,,0,0,0.0,0,0,0.0,2019-08-03T06:51:16.929+00:00,2019-09-13T06:41:27.184+00:00,2019-09-13T06:41:27.184+00:00,4616,21,37.592672037037985,118.21876268518467,0,0,0,0,0
u10005,u10005.csv,4006,4006,0,1,0,1,0,pay_only,0,0,2019-09-17T19:23:50.673+00:00,,,,,,,,0,0,0.0,0,0,0.0,2019-08-31T07:36:55.739+00:00,2019-10-15T23:36:02.823+00:00,2019-10-15T23:36:02.823+00:00,2116,12,28.02743537036909,74.25747887731427,0,0,0,0,0
u1001,u1001.csv,29,29,0,0,0,0,0,neither,0,0,,,,,,,,,0,0,0.0,0,0,0.0,2019-07-06T06:19:21.254+00:00,2019-07-06T06:24:07.248+00:00,2019-07-06T06:24:07.248+00:00,,,,,0,0,0,0,0
u10010,u10010.csv,915,915,0,1,0,1,0,pay_only,0,0,2019-07-28T15:30:02.623+00:00,,,,,,,,0,0,0.0,0,0,0.0,2019-07-29T00:01:59.055+00:00,2019-08-08T10:03:53.999+00:00,2019-08-08T10:03:53.999+00:00,914,7,10.417997037037104,125.41984056713129,0,0,0,0,0
u10011,u10011.csv,2343,2343,0,1,0,1,0,pay_only,0,0,2019-07-29T14:24:09.198+00:00,,,,,,,,0,0,0.0,0,0,0.0,2019-07-27T10:37:56.843+00:00,2019-08-26T23:22:21.050+00:00,2019-08-26T23:22:21.050+00:00,1543,11,27.834398645833133,124.46559780092703,0,0,0,0,0
u10013,u10013.csv,805,805,0,0,0,0,0,neither,0,0,,,,,,,,,0,0,0.0,0,0,0.0,2019-08-25T06:04:04.644+00:00,2019-09-28T05:18:49.616+00:00,2019-09-28T05:18:49.616+00:00,,,,,0,0,0,0,0
u10014,u10014.csv,4385,4385,0,0,0,0,0,neither,0,0,,,,,,,,,0,0,0.0,0,0,0.0,2019-06-04T13:44:16.484+00:00,2019-11-05T07:19:39.173+00:00,2019-11-05T07:19:39.173+00:00,,,,,0,0,0,0,0
u10015,u10015.csv,7967,7967,0,0,0,0,0,neither,0,0,,,,,,,,,0,0,0.0,0,0,0.0,2019-01-22T08:40:20.394+00:00,2019-04-12T03:47:30.777+00:00,2019-04-12T03:47:30.777+00:00,,,,,0,0,0,0,0
u10019,u10019.csv,16675,16675,0,0,0,0,0,neither,0,0,,,,,,,,,0,0,0.0,0,0,0.0,2019-04-03T00:20:05.706+00:00,2019-11-24T23:18:39.335+00:00,2019-11-24T23:18:39.335+00:00,,,,,0,0,0,0,0
u1002,u1002.csv,623,623,0,0,0,0,0,neither,0,0,,,,,,,,,0,0,0.0,0,0,0.0,2019-07-04T09:25:06.434+00:00,2019-07-10T21:54:28.107+00:00,2019-07-10T21:54:28.107+00:00,,,,,0,0,0,0,0
u10020,u10020.csv,895,895,0,1,0,1,0,pay_only,0,0,2019-03-29T22:30:50.561+00:00,,,,,,,,0,0,0.0,0,0,0.0,2019-03-30T06:16:38.324+00:00,2019-09-01T23:04:59.094+00:00,2019-09-01T23:04:59.094+00:00,894,6,155.70024039352106,246.12761906249932,0,0,0,0,0
u10021,u10021.csv,811,811,0,1,0,2,0,pay_only,0,0,2018-12-25T06:32:55.310+00:00,,,,,,,,0,0,0.0,0,0,0.0,2018-12-25T15:22:45.161+00:00,2019-08-11T00:14:17.423+00:00,2019-08-11T13:58:39.945+00:00,809,11,228.36912340277874,340.7928418750012,0,0,0,0,0
u10026,u10026.csv,577,577,0,1,0,1,0,pay_only,0,0,2019-08-23T23:39:18.993+00:00,,,,,,,,0,0,0.0,0,0,0.0,2019-08-08T13:51:30.194+00:00,2019-08-24T12:26:35.906+00:00,2019-08-24T12:26:35.906+00:00,568,1,0.16345062499796903,99.08006776620392,0,0,0,0,0
u10028,u10028.csv,3541,3541,0,0,0,0,0,neither,0,0,,,,,,,,,0,0,0.0,0,0,0.0,2019-07-06T23:32:56.877+00:00,2019-11-24T23:29:09.974+00:00,2019-11-24T23:29:09.974+00:00,,,,,0,0,0,0,0
u1003,u1003.csv,829,829,0,1,0,1,0,pay_only,0,0,2019-06-10T23:25:47.985+00:00,,,,,,,,0,0,0.0,0,0,0.0,2019-06-11T07:41:34.132+00:00,2019-07-26T09:26:08.388+00:00,2019-07-26T09:26:08.388+00:00,828,7,45.07261870370419,173.08945443287215,0,0,0,0,0
u10030,u10030.csv,1505,1505,0,1,0,1,0,pay_only,0,0,2019-08-26T18:37:42.426+00:00,,,,,,,,0,0,0.0,0,0,0.0,2019-09-02T03:48:03.165+00:00,2019-09-05T00:26:57.861+00:00,2019-09-05T00:26:57.861+00:00,1504,4,2.860355277778926,96.28951877314735,0,0,0,0,0
u10032,u10032.csv,2631,2631,0,1,0,1,0,pay_only,0,0,2019-05-12T04:28:54.697+00:00,,,,,,,,0,0,0.0,0,0,0.0,2019-05-12T13:17:24.568+00:00,2019-09-15T12:26:32.903+00:00,2019-09-15T12:26:32.903+00:00,2630,18,125.96467980324118,202.8789600810188,0,0,0,0,0
u10033,u10033.csv,7,7,0,1,0,1,0,pay_only,0,0,2019-03-06T13:54:46.899+00:00,,,,,,,,0,0,0.0,0,0,0.0,2019-05-23T05:57:43.581+00:00,2019-05-23T06:00:17.551+00:00,2019-05-23T06:00:17.551+00:00,6,1,0.0017820601855163222,269.48599478009396,0,0,0,0,0
u10037,u10037.csv,20,20,0,0,0,0,0,neither,0,0,,,,,,,,,0,0,0.0,0,0,0.0,2019-09-01T23:02:11.503+00:00,2019-09-01T23:04:42.953+00:00,2019-09-01T23:04:42.953+00:00,,,,,0,0,0,0,0
u10044,u10044.csv,238,238,0,0,0,0,0,neither,0,0,,,,,,,,,0,0,0.0,0,0,0.0,2019-09-02T08:27:21.590+00:00,2019-09-03T04:43:57.056+00:00,2019-09-03T04:43:57.056+00:00,,,,,0,0,0,0,0
u10045,u10045.csv,4076,4076,0,0,0,0,0,neither,0,0,,,,,,,,,0,0,0.0,0,0,0.0,2018-10-21T23:01:53.504+00:00,2019-11-24T22:37:42.320+00:00,2019-11-24T22:37:42.320+00:00,,,,,0,0,0,0,0
u10046,u10046.csv,21,21,0,0,0,0,0,neither,0,0,,,,,,,,,0,0,0.0,0,0,0.0,2019-09-01T23:03:37.886+00:00,2019-09-01T23:10:23.544+00:00,2019-09-01T23:10:23.544+00:00,,,,,0,0,0,0,0
u10049,u10049.csv,11,11,0,0,0,0,0,neither,0,0,,,,,,,,,0,0,0.0,0,0,0.0,2019-09-01T23:04:40.664+00:00,2019-09-01T23:06:00.320+00:00,2019-09-01T23:06:00.320+00:00,,,,,0,0,0,0,0
u1005,u1005.csv,460,460,0,0,0,0,0,neither,0,0,,,,,,,,,0,0,0.0,0,0,0.0,2019-07-08T06:30:58.288+00:00,2019-07-17T08:13:41.324+00:00,2019-07-17T08:13:41.324+00:00,,,,,0,0,0,0,0
u10050,u10050.csv,2772,2772,0,0,0,0,0,neither,0,0,,,,,,,,,0,0,0.0,0,0,0.0,2019-09-01T23:04:59.972+00:00,2019-10-17T01:05:48.620+00:00,2019-10-17T01:05:48.620+00:00,,,,,0,0,0,0,0
u10052,u10052.csv,9503,9503,0,0,0,0,0,neither,0,0,,,,,,,,,0,0,0.0,0,0,0.0,2019-08-12T09:37:40.453+00:00,2019-11-26T10:01:35.846+00:00,2019-11-26T10:01:35.846+00:00,,,,,0,0,0,0,0
u10056,u10056.csv,774,774,0,0,0,0,0,neither,0,0,,,,,,,,,0,0,0.0,0,0,0.0,2019-07-28T12:33:09.161+00:00,2019-09-01T08:55:29.895+00:00,2019-09-01T08:55:29.895+00:00,,,,,0,0,0,0,0
u10057,u10057.csv,2207,2207,0,1,0,2,0,pay_only,0,0,2019-04-12T17:22:08.922+00:00,,,,,,,,0,0,0.0,0,0,0.0,2019-08-26T11:15:26.699+00:00,2019-09-01T03:31:22.671+00:00,2019-09-01T03:31:22.671+00:00,2205,6,5.67773115740882,232.34198988426064,0,0,0,0,0
u10058,u10058.csv,883,883,0,0,0,0,0,neither,0,0,,,,,,,,,0,0,0.0,0,0,0.0,2019-08-25T03:59:52.118+00:00,2019-09-05T00:09:09.313+00:00,2019-09-05T00:09:09.313+00:00,,,,,0,0,0,0,0
u10059,u10059.csv,2919,2919,0,0,0,0,0,neither,0,0,,,,,,,,,0,0,0.0,0,0,0.0,2019-08-05T05:13:16.517+00:00,2019-10-29T02:24:29.829+00:00,2019-10-29T02:24:29.829+00:00,,,,,0,0,0,0,0
u1006,u1006.csv,46,46,0,0,0,0,0,neither,0,0,,,,,,,,,0,0,0.0,0,0,0.0,2019-07-06T04:30:04.564+00:00,2019-07-08T10:53:06.494+00:00,2019-07-08T10:53:06.494+00:00,,,,,0,0,0,0,0
u10060,u10060.csv,4806,4806,0,1,0,1,0,pay_only,0,0,2019-07-10T13:58:34.126+00:00,,,,,,,,0,0,0.0,0,0,0.0,2019-07-10T22:52:03.280+00:00,2019-10-17T22:55:31.240+00:00,2019-10-17T22:55:31.240+00:00,4805,53,99.00240694444489,143.4833648379644,0,0,0,0,0
u10062,u10062.csv,107,107,0,0,0,0,0,neither,0,0,,,,,,,,,0,0,0.0,0,0,0.0,2019-09-01T23:06:00.503+00:00,2019-09-01T23:19:13.317+00:00,2019-09-01T23:19:13.317+00:00,,,,,0,0,0,0,0
u10064,u10064.csv,37,37,0,0,0,0,0,neither,0,0,,,,,,,,,0,0,0.0,0,0,0.0,2019-07-17T06:04:12.232+00:00,2019-09-01T23:11:30.477+00:00,2019-09-01T23:11:30.477+00:00,,,,,0,0,0,0,0
u1007,u1007.csv,2968,2968,0,0,0,0,0,neither,0,0,,,,,,,,,0,0,0.0,0,0,0.0,2019-02-14T02:40:56.930+00:00,2019-10-12T08:00:24.120+00:00,2019-10-12T08:00:24.120+00:00,,,,,0,0,0,0,0
u10071,u10071.csv,1662,1662,0,1,0,1,0,pay_only,0,0,2019-08-27T02:22:46.224+00:00,,,,,,,,0,0,0.0,0,0,0.0,2019-08-27T09:49:03.469+00:00,2019-09-03T15:20:24.193+00:00,2019-09-03T15:20:24.193+00:00,1661,5,7.230100972221957,95.96655814814899,0,0,0,0,0
u10075,u10075.csv,14387,14387,0,0,0,0,0,neither,0,0,,,,,,,,,0,0,0.0,0,0,0.0,2019-08-19T17:57:42.519+00:00,2019-09-02T07:56:39.734+00:00,2019-09-02T07:56:39.734+00:00,,,,,0,0,0,0,0
u10076,u10076.csv,22549,22549,0,0,0,0,0,neither,0,0,,,,,,,,,0,0,0.0,0,0,0.0,2019-02-18T07:51:19.430+00:00,2019-11-23T05:50:53.592+00:00,2019-11-23T05:50:53.592+00:00,,,,,0,0,0,0,0
u10077,u10077.csv,1016,1016,0,0,0,0,0,neither,0,0,,,,,,,,,0,0,0.0,0,0,0.0,2019-07-10T23:45:20.473+00:00,2019-07-18T13:43:09.483+00:00,2019-07-18T13:43:09.483+00:00,,,,,0,0,0,0,0
u10079,u10079.csv,192,192,0,1,0,1,0,pay_only,0,0,2019-04-28T02:44:38.104+00:00,,,,,,,,0,0,0.0,0,0,0.0,2019-05-12T02:47:16.243+00:00,2019-05-12T03:59:01.410+00:00,2019-05-12T03:59:01.410+00:00,191,1,0.04982832175989946,216.95137435185137,0,0,0,0,0
u1008,u1008.csv,738,738,0,0,0,0,0,neither,0,0,,,,,,,,,0,0,0.0,0,0,0.0,2019-07-07T23:09:32.901+00:00,2019-08-10T06:19:39.554+00:00,2019-08-10T06:19:39.554+00:00,,,,,0,0,0,0,0
u10080,u10080.csv,22,22,0,0,0,0,0,neither,0,0,,,,,,,,,0,0,0.0,0,0,0.0,2019-09-01T23:09:47.695+00:00,2019-09-01T23:13:07.400+00:00,2019-09-01T23:13:07.400+00:00,,,,,0,0,0,0,0
u10082,u10082.csv,37,37,0,0,0,0,0,neither,0,0,,,,,,,,,0,0,0.0,0,0,0.0,2019-09-01T23:10:20.535+00:00,2019-09-01T23:15:50.770+00:00,2019-09-01T23:15:50.770+00:00,,,,,0,0,0,0,0
u10085,u10085.csv,57,57,0,1,0,1,0,pay_only,0,0,2019-07-24T20:14:43.904+00:00,,,,,,,,0,0,0.0,0,0,0.0,2019-07-12T13:06:27.684+00:00,2019-08-24T06:29:34.977+00:00,2019-08-24T06:29:34.977+00:00,14,3,30.051447974537258,129.22214055555563,0,0,0,0,0
u10086,u10086.csv,31,31,0,1,0,1,0,pay_only,0,0,2019-05-22T21:13:45.901+00:00,,,,,,,,0,0,0.0,0,0,0.0,2019-05-07T07:09:29.945+00:00,2019-05-07T07:15:09.838+00:00,2019-05-22T21:13:45.901+00:00,0,0,0.0,192.1811452199077,0,0,0,0,0
u10089,u10089.csv,2587,2587,0,0,0,0,0,neither,0,0,,,,,,,,,0,0,0.0,0,0,0.0,2019-01-06T10:36:07.361+00:00,2019-10-06T23:16:12.565+00:00,2019-10-06T23:16:12.565+00:00,,,,,0,0,0,0,0
u1009,u1009.csv,645,645,0,0,0,0,0,neither,0,0,,,,,,,,,0,0,0.0,0,0,0.0,2019-07-04T11:22:28.255+00:00,2019-07-08T12:29:01.030+00:00,2019-07-08T12:29:01.030+00:00,,,,,0,0,0,0,0
u10090,u10090.csv,123,123,0,1,0,1,0,pay_only,0,0,2019-10-27T01:48:30.816+00:00,,,,,,,,0,0,0.0,0,0,0.0,2019-11-20T05:30:32.911+00:00,2019-11-22T08:32:00.358+00:00,2019-11-22T08:32:00.358+00:00,122,3,2.1260121180558644,34.990347592593345,0,0,0,0,0
u10094,u10094.csv,1553,1553,0,1,0,1,0,pay_only,0,0,2019-08-13T03:21:24.321+00:00,,,,,,,,0,0,0.0,0,0,0.0,2019-08-13T12:13:28.840+00:00,2019-09-04T13:57:57.334+00:00,2019-09-04T13:57:57.334+00:00,1552,10,22.072552013891162,109.9258394328698,0,0,0,0,0
u10096,u10096.csv,28,28,0,0,0,0,0,neither,0,0,,,,,,,,,0,0,0.0,0,0,0.0,2019-09-01T23:11:39.406+00:00,2019-09-01T23:14:26.682+00:00,2019-09-01T23:14:26.682+00:00,,,,,0,0,0,0,0
u10097,u10097.csv,2029,2029,0,1,0,1,0,pay_only,0,0,2019-08-30T16:56:00.425+00:00,,,,,,,,0,0,0.0,0,0,0.0,2019-09-01T23:11:47.041+00:00,2019-09-07T17:52:33.055+00:00,2019-09-07T17:52:33.055+00:00,2028,6,5.778310347224275,92.36014378472335,0,0,0,0,0
u10099,u10099.csv,1109,1109,0,0,0,0,0,neither,0,0,,,,,,,,,0,0,0.0,0,0,0.0,2019-08-12T15:34:13.975+00:00,2019-10-30T10:52:02.804+00:00,2019-10-30T10:52:02.804+00:00,,,,,0,0,0,0,0
u101,u101.csv,28,28,0,0,0,0,0,neither,0,0,,,,,,,,,0,0,0.0,0,0,0.0,2019-06-26T10:11:10.898+00:00,2019-06-26T10:27:13.624+00:00,2019-06-26T10:27:13.624+00:00,,,,,0,0,0,0,0
u1010,u1010.csv,60,60,0,0,0,0,0,neither,0,0,,,,,,,,,0,0,0.0,0,0,0.0,2019-07-06T04:44:12.059+00:00,2019-07-08T10:10:39.817+00:00,2019-07-08T10:10:39.817+00:00,,,,,0,0,0,0,0
u10101,u10101.csv,10457,10457,0,1,0,2,0,pay_only,0,0,2019-06-30T03:34:42.760+00:00,,,,,,,,0,0,0.0,0,0,0.0,2019-06-27T13:18:11.771+00:00,2019-10-15T10:13:59.662+00:00,2019-10-15T10:13:59.662+00:00,10431,54,106.90037379629634,153.91659824074142,0,0,0,0,0
u10104,u10104.csv,12358,12358,0,1,0,1,0,pay_only,0,0,2019-08-28T00:39:22.672+00:00,,,,,,,,0,0,0.0,0,0,0.0,2019-07-15T14:57:08.674+00:00,2019-10-09T05:16:40.697+00:00,2019-10-09T05:16:40.697+00:00,9065,33,41.815549710649584,95.03835851851989,0,0,0,0,0
u10105,u10105.csv,580,580,0,1,0,1,0,pay_only,0,0,2019-07-28T16:06:56.618+00:00,,,,,,,,0,0,0.0,0,0,0.0,2019-07-23T00:45:26.095+00:00,2019-09-26T04:48:54.442+00:00,2019-09-26T04:48:54.442+00:00,522,15,56.84842299768494,125.39421562500021,0,0,0,0,0
u10106,u10106.csv,1080,1080,0,1,0,1,0,pay_only,0,0,2019-09-01T14:19:26.065+00:00,,,,,,,,0,0,0.0,0,0,0.0,2019-09-01T23:13:10.268+00:00,2019-09-08T15:53:13.138+00:00,2019-09-08T15:53:13.138+00:00,1079,4,6.694477662038472,90.46887480324065,0,0,0,0,0
u10107,u10107.csv,52,52,0,0,0,0,0,neither,0,0,,,,,,,,,0,0,0.0,0,0,0.0,2019-09-01T23:13:13.868+00:00,2019-09-03T12:52:34.673+00:00,2019-09-03T12:52:34.673+00:00,,,,,0,0,0,0,0
u10109,u10109.csv,26949,26949,0,0,0,0,0,neither,0,0,,,,,,,,,0,0,0.0,0,0,0.0,2019-04-16T01:47:36.755+00:00,2019-09-25T09:45:16.775+00:00,2019-09-25T09:45:16.775+00:00,,,,,0,0,0,0,0
u1011,u1011.csv,1919,1919,0,1,0,1,0,pay_only,0,0,2019-07-04T06:53:37.704+00:00,,,,,,,,0,0,0.0,0,0,0.0,2019-07-04T15:00:23.554+00:00,2019-07-28T09:59:54.801+00:00,2019-07-28T09:59:54.801+00:00,1918,16,23.79133387731733,149.77846231481544,0,0,0,0,0
u10110,u10110.csv,136,136,0,1,0,1,0,pay_only,0,0,2019-07-19T23:05:25.817+00:00,,,,,,,,0,0,0.0,0,0,0.0,2019-07-20T07:55:56.835+00:00,2019-09-01T23:22:17.579+00:00,2019-09-01T23:22:17.579+00:00,135,2,43.643295648147664,134.10359989583492,0,0,0,0,0
u10114,u10114.csv,10175,10175,0,0,0,0,0,neither,0,0,,,,,,,,,0,0,0.0,0,0,0.0,2018-10-27T06:48:45.503+00:00,2019-11-25T01:46:17.292+00:00,2019-11-25T01:46:17.292+00:00,,,,,0,0,0,0,0
u10116,u10116.csv,326,326,0,0,0,0,0,neither,0,0,,,,,,,,,0,0,0.0,0,0,0.0,2019-08-09T12:47:23.298+00:00,2019-10-13T00:46:06.981+00:00,2019-10-13T00:46:06.981+00:00,,,,,0,0,0,0,0
u10119,u10119.csv,54,54,0,0,0,0,0,neither,0,0,,,,,,,,,0,0,0.0,0,0,0.0,2019-09-01T23:15:48.345+00:00,2019-09-01T23:26:20.710+00:00,2019-09-01T23:26:20.710+00:00,,,,,0,0,0,0,0
u1012,u1012.csv,12438,12438,0,1,0,1,0,pay_only,0,0,2019-07-04T03:11:40.583+00:00,,,,,,,,0,0,0.0,0,0,0.0,2019-07-04T11:25:27.778+00:00,2019-08-08T10:33:49.940+00:00,2019-08-08T10:33:49.940+00:00,12437,34,34.96414539351783,149.93259565972343,0,0,0,0,0
u10120,u10120.csv,719,719,0,1,0,1,0,pay_only,0,0,2019-07-29T14:13:49.531+00:00,,,,,,,,0,0,0.0,0,0,0.0,2019-07-24T23:03:17.413+00:00,2019-08-26T23:23:30.369+00:00,2019-08-26T23:23:30.369+00:00,621,11,27.999967094908158,124.47276987268692,0,0,0,0,0
u10122,u10122.csv,3546,3546,0,0,0,0,0,neither,0,0,,,,,,,,,0,0,0.0,0,0,0.0,2019-03-27T23:13:03.857+00:00,2019-06-27T14:47:13.925+00:00,2019-06-27T14:47:13.925+00:00,,,,,0,0,0,0,0
u10123,u10123.csv,30384,30384,0,0,0,0,0,neither,0,0,,,,,,,,,0,0,0.0,0,0,0.0,2019-01-16T16:10:23.826+00:00,2019-11-21T23:13:42.361+00:00,2019-11-21T23:13:42.361+00:00,,,,,0,0,0,0,0
u10128,u10128.csv,159,159,0,1,0,1,0,pay_only,0,0,2019-08-29T19:57:03.775+00:00,,,,,,,,0,0,0.0,0,0,0.0,2019-09-02T06:32:19.864+00:00,2019-09-07T10:26:20.456+00:00,2019-09-07T10:26:20.456+00:00,158,5,5.162506851851941,93.2344105671291,0,0,0,0,0
u1013,u1013.csv,1751,1751,0,1,0,1,0,pay_only,0,0,2019-07-07T15:09:02.835+00:00,,,,,,,,0,0,0.0,0,0,0.0,2019-07-07T23:55:26.135+00:00,2019-07-19T00:59:23.045+00:00,2019-07-19T00:59:23.045+00:00,1750,9,11.044408680556549,146.4344214467594,0,0,0,0,0
u10130,u10130.csv,31,31,0,0,0,0,0,neither,0,0,,,,,,,,,0,0,0.0,0,0,0.0,2019-09-01T23:16:28.072+00:00,2019-09-01T23:21:43.619+00:00,2019-09-01T23:21:43.619+00:00,,,,,0,0,0,0,0
u10132,u10132.csv,25,25,0,1,0,1,0,pay_only,0,0,2019-08-25T04:44:18.367+00:00,,,,,,,,0,0,0.0,0,0,0.0,2019-08-25T03:59:10.809+00:00,2019-08-25T04:03:00.236+00:00,2019-08-25T04:44:18.367+00:00,0,0,0.0,97.8682694560179,0,0,0,0,0
u10134,u10134.csv,3775,3775,0,1,0,1,0,pay_only,0,0,2019-06-03T01:46:14.942+00:00,,,,,,,,0,0,0.0,0,0,0.0,2019-05-23T23:27:59.983+00:00,2019-09-21T04:22:04.958+00:00,2019-09-21T04:22:04.958+00:00,3729,27,109.21227918981403,180.99192020833493,0,0,0,0,0
u10136,u10136.csv,34,34,0,1,0,1,0,pay_only,0,0,2019-07-23T05:38:21.696+00:00,,,,,,,,0,0,0.0,0,0,0.0,2019-07-23T12:42:09.227+00:00,2019-08-11T12:42:43.423+00:00,2019-08-11T12:42:43.423+00:00,33,4,19.000395787038183,130.83073092592537,0,0,0,0,0
u10137,u10137.csv,172,172,0,1,0,1,0,pay_only,0,0,2019-09-04T03:34:56.379+00:00,,,,,,,,0,0,0.0,0,0,0.0,2019-09-01T23:17:19.406+00:00,2019-10-07T09:48:24.458+00:00,2019-10-07T09:48:24.458+00:00,138,5,31.970291585646294,87.9164406134271,0,0,0,0,0
u10138,u10138.csv,4385,4385,0,0,0,0,0,neither,0,0,,,,,,,,,0,0,0.0,0,0,0.0,2019-01-23T23:02:13.138+00:00,2019-06-09T23:32:00.949+00:00,2019-06-09T23:32:00.949+00:00,,,,,0,0,0,0,0
u10139,u10139.csv,466,466,0,1,0,2,0,pay_only,0,0,2019-01-27T01:53:10.012+00:00,,,,,,,,0,0,0.0,0,0,0.0,2019-04-01T13:32:12.583+00:00,2019-06-23T04:18:28.918+00:00,2019-07-24T14:46:03.319+00:00,464,4,82.61546684027822,307.987116157407,0,0,0,0,0
u1014,u1014.csv,59316,59316,0,1,0,2,0,pay_only,0,0,2019-04-17T20:24:32.553+00:00,,,,,,,,0,0,0.0,0,0,0.0,2019-04-18T13:38:29.205+00:00,2019-10-15T09:20:48.727+00:00,2019-10-15T09:20:48.727+00:00,59314,113,179.82105928240827,227.21532748842682,0,0,0,0,0
u10141,u10141.csv,25,25,0,0,0,0,0,neither,0,0,,,,,,,,,0,0,0.0,0,0,0.0,2019-09-01T23:17:51.833+00:00,2019-09-01T23:20:59.348+00:00,2019-09-01T23:20:59.348+00:00,,,,,0,0,0,0,0
u10143,u10143.csv,9534,9534,0,0,0,0,0,neither,0,0,,,,,,,,,0,0,0.0,0,0,0.0,2019-03-23T06:05:49.278+00:00,2019-10-12T22:34:17.226+00:00,2019-10-12T22:34:17.226+00:00,,,,,0,0,0,0,0
u10147,u10147.csv,37980,37980,0,1,0,3,0,pay_only,0,0,2019-02-06T05:43:40.407+00:00,,,,,,,,0,0,0.0,0,0,0.0,2019-02-06T23:28:44.262+00:00,2019-09-26T01:42:24.645+00:00,2019-09-26T01:42:24.645+00:00,37977,107,231.09282850694325,297.82704214120355,0,0,0,0,0
u10149,u10149.csv,5646,5646,0,1,0,2,0,pay_only,0,0,2019-06-05T00:28:13.917+00:00,,,,,,,,0,0,0.0,0,0,0.0,2019-06-07T12:16:57.918+00:00,2019-09-27T13:36:20.571+00:00,2019-09-27T13:36:20.571+00:00,5644,40,112.05512329861246,179.04609873842585,0,0,0,0,0
u1015,u1015.csv,1620,1620,0,1,0,1,0,pay_only,0,0,2019-06-05T18:22:48.590+00:00,,,,,,,,0,0,0.0,0,0,0.0,2019-06-05T16:21:23.090+00:00,2019-09-25T11:51:28.272+00:00,2019-09-25T11:51:28.272+00:00,1500,13,111.3497925000003,178.2998640972238,0,0,0,0,0
u10150,u10150.csv,1826,1826,0,0,0,0,0,neither,0,0,,,,,,,,,0,0,0.0,0,0,0.0,2019-08-29T05:15:06.267+00:00,2019-09-04T21:11:34.515+00:00,2019-09-04T21:11:34.515+00:00,,,,,0,0,0,0,0
u10151,u10151.csv,2777,2777,0,0,0,0,0,neither,0,0,,,,,,,,,0,0,0.0,0,0,0.0,2019-08-12T14:34:09.591+00:00,2019-10-26T09:33:50.398+00:00,2019-10-26T09:33:50.398+00:00,,,,,0,0,0,0,0
u10153,u10153.csv,121,121,0,0,0,0,0,neither,0,0,,,,,,,,,0,0,0.0,0,0,0.0,2019-08-26T08:56:09.261+00:00,2019-09-01T23:26:48.110+00:00,2019-09-01T23:26:48.110+00:00,,,,,0,0,0,0,0
u10155,u10155.csv,789,789,0,1,0,1,0,pay_only,0,0,2019-08-24T21:10:33.655+00:00,,,,,,,,0,0,0.0,0,0,0.0,2019-08-20T03:09:23.397+00:00,2019-09-07T23:00:59.186+00:00,2019-09-07T23:00:59.186+00:00,761,7,13.489380497686842,98.18337028935275,0,0,0,0,0
u10156,u10156.csv,361,361,0,1,0,1,0,pay_only,0,0,2019-08-12T21:44:21.516+00:00,,,,,,,,0,0,0.0,0,0,0.0,2019-08-09T03:08:49.354+00:00,2019-11-10T23:43:58.097+00:00,2019-11-10T23:43:58.097+00:00,331,9,89.70628008101825,110.15989967592613,0,0,0,0,0
u10158,u10158.csv,2263,2263,0,1,0,2,0,pay_only,0,0,2019-03-10T23:14:49.711+00:00,,,,,,,,0,0,0.0,0,0,0.0,2019-03-06T15:57:14.093+00:00,2019-09-08T00:23:26.425+00:00,2019-09-08T03:24:53.605+00:00,2240,25,180.67239574073918,265.0970733449084,0,0,0,0,0
u10159,u10159.csv,295,295,0,0,0,0,0,neither,0,0,,,,,,,,,0,0,0.0,0,0,0.0,2019-08-13T13:09:39.049+00:00,2019-08-26T23:14:36.810+00:00,2019-08-26T23:14:36.810+00:00,,,,,0,0,0,0,0
u1016,u1016.csv,23,23,0,0,0,0,0,neither,0,0,,,,,,,,,0,0,0.0,0,0,0.0,2019-07-05T16:06:22.610+00:00,2019-07-05T16:09:03.366+00:00,2019-07-05T16:09:03.366+00:00,,,,,0,0,0,0,0
u10160,u10160.csv,35,35,0,0,0,0,0,neither,0,0,,,,,,,,,0,0,0.0,0,0,0.0,2019-08-27T12:45:18.945+00:00,2019-09-01T23:28:39.053+00:00,2019-09-01T23:28:39.053+00:00,,,,,0,0,0,0,0
u10161,u10161.csv,10479,10479,0,0,0,0,0,neither,0,0,,,,,,,,,0,0,0.0,0,0,0.0,2019-08-18T22:47:12.525+00:00,2019-11-27T09:26:32.897+00:00,2019-11-27T09:26:32.897+00:00,,,,,0,0,0,0,0
u10162,u10162.csv,3947,3947,0,1,0,1,0,pay_only,0,0,2019-07-28T01:54:17.947+00:00,,,,,,,,0,0,0.0,0,0,0.0,2019-02-06T17:41:26.113+00:00,2019-08-23T11:15:48.991+00:00,2019-08-23T11:15:48.991+00:00,2974,21,25.665659999999182,125.98632987268545,0,0,0,0,0
u10165,u10165.csv,40,40,0,1,0,1,0,pay_only,0,0,2019-08-01T09:24:51.147+00:00,,,,,,,,0,0,0.0,0,0,0.0,2019-07-15T00:05:39.703+00:00,2019-07-31T06:50:50.645+00:00,2019-08-01T09:24:51.147+00:00,0,0,0.0,121.67344561342564,0,0,0,0,0
u1017,u1017.csv,3412,3412,0,1,0,2,0,pay_only,0,0,2019-07-07T07:24:14.164+00:00,,,,,,,,0,0,0.0,0,0,0.0,2019-07-08T11:58:50.409+00:00,2019-11-02T13:59:43.731+00:00,2019-11-02T13:59:43.731+00:00,3410,9,117.08395048611142,146.7572069907409,0,0,0,0,0
u10170,u10170.csv,2605,2605,0,1,0,2,0,pay_only,0,0,2019-07-01T06:41:07.949+00:00,,,,,,,,0,0,0.0,0,0,0.0,2019-06-30T15:58:00.473+00:00,2019-08-21T09:11:22.908+00:00,2019-08-21T09:11:22.908+00:00,2571,25,50.43382037036949,152.78714003472416,0,0,0,0,0
u10171,u10171.csv,268,268,0,1,0,1,0,pay_only,0,0,2019-06-26T17:39:10.023+00:00,,,,,,,,0,0,0.0,0,0,0.0,2019-06-28T07:26:40.208+00:00,2019-08-28T05:25:31.224+00:00,2019-08-28T05:25:31.224+00:00,267,3,60.91586824074112,157.3301715856487,0,0,0,0,0
u10174,u10174.csv,260,260,0,1,0,2,0,pay_only,0,0,2019-03-07T01:59:19.353+00:00,,,,,,,,0,0,0.0,0,0,0.0,2019-04-22T06:33:34.497+00:00,2019-04-23T07:22:06.079+00:00,2019-08-05T04:04:37.045+00:00,258,2,1.0336988657409394,268.9828413773163,0,0,0,0,0
u10177,u10177.csv,19367,19367,0,1,0,1,0,pay_only,0,0,2019-01-10T16:20:51.096+00:00,,,,,,,,0,0,0.0,0,0,0.0,2019-01-13T22:00:16.634+00:00,2019-08-25T05:22:28.743+00:00,2019-08-25T05:22:28.743+00:00,19366,53,223.30708459490702,324.3845573148159,0,0,0,0,0
u10178,u10178.csv,805,805,0,1,0,2,0,pay_only,0,0,2019-03-20T10:23:43.511+00:00,,,,,,,,0,0,0.0,0,0,0.0,2019-03-20T19:07:59.462+00:00,2019-08-21T05:42:24.316+00:00,2019-11-11T03:14:19.774+00:00,803,26,153.44056543981588,255.63256177083485,0,0,0,0,0
u10179,u10179.csv,1476,1476,0,0,0,0,0,neither,0,0,,,,,,,,,0,0,0.0,0,0,0.0,2019-08-21T03:35:11.949+00:00,2019-09-04T10:23:47.243+00:00,2019-09-04T10:23:47.243+00:00,,,,,0,0,0,0,0
u1018,u1018.csv,60,60,0,0,0,0,0,neither,0,0,,,,,,,,,0,0,0.0,0,0,0.0,2019-07-08T11:24:50.385+00:00,2019-07-08T12:10:32.786+00:00,2019-07-08T12:10:32.786+00:00,,,,,0,0,0,0,0
u10180,u10180.csv,79,79,0,0,0,0,0,neither,0,0,,,,,,,,,0,0,0.0,0,0,0.0,2019-08-27T09:59:21.558+00:00,2019-08-27T23:25:27.666+00:00,2019-08-27T23:25:27.666+00:00,,,,,0,0,0,0,0
u10181,u10181.csv,15347,15347,0,1,0,1,0,pay_only,0,0,2019-08-29T14:03:07.790+00:00,,,,,,,,0,0,0.0,0,0,0.0,2019-05-04T06:16:56.405+00:00,2019-11-26T15:56:07.890+00:00,2019-11-26T15:56:07.890+00:00,15201,72,88.70309828703878,93.48019743055657,0,0,0,0,0
u10182,u10182.csv,2468,2468,0,1,0,1,0,pay_only,0,0,2019-08-22T04:21:14.917+00:00,,,,,,,,0,0,0.0,0,0,0.0,2019-08-22T12:55:43.237+00:00,2019-10-27T00:37:55.633+00:00,2019-10-27T00:37:55.633+00:00,2467,32,65.48764347222117,100.88428160879623,0,0,0,0,0
u10183,u10183.csv,56028,56028,0,1,0,2,0,pay_only,0,0,2019-08-19T23:24:02.261+00:00,,,,,,,,0,0,0.0,0,0,0.0,2019-04-30T07:17:13.451+00:00,2019-11-11T02:01:33.169+00:00,2019-11-11T02:01:33.169+00:00,46566,49,79.81073390046204,103.0906780902793,0,0,0,0,0
u1019,u1019.csv,8225,8225,0,1,0,1,0,pay_only,0,0,2019-02-09T17:39:14.232+00:00,,,,,,,,0,0,0.0,0,0,0.0,2019-01-24T05:13:00.823+00:00,2019-09-06T23:42:19.875+00:00,2019-09-06T23:42:19.875+00:00,6543,34,208.71780156250077,294.3301228703696,0,0,0,0,0
u10198,u10198.csv,356,356,0,0,0,0,0,neither,0,0,,,,,,,,,0,0,0.0,0,0,0.0,2019-08-28T23:56:18.951+00:00,2019-08-29T00:30:46.678+00:00,2019-08-29T00:30:46.678+00:00,,,,,0,0,0,0,0
u10199,u10199.csv,174,174,0,1,0,1,0,pay_only,0,0,2019-09-08T15:32:13.382+00:00,,,,,,,,0,0,0.0,0,0,0.0,2019-09-20T02:50:32.310+00:00,2019-09-20T03:44:09.365+00:00,2019-09-20T03:44:09.365+00:00,173,1,0.037234432871143024,83.4183271527787,0,0,0,0,0
u102,u102.csv,267,267,0,0,0,0,0,neither,0,0,,,,,,,,,0,0,0.0,0,0,0.0,2019-06-26T10:26:48.132+00:00,2019-06-29T11:01:35.019+00:00,2019-06-29T11:01:35.019+00:00,,,,,0,0,0,0,0
u1020,u1020.csv,5090,5090,0,1,0,2,0,pay_only,0,0,2019-07-10T00:36:02.388+00:00,,,,,,,,0,0,0.0,0,0,0.0,2019-07-08T12:39:14.798+00:00,2019-10-21T13:07:08.363+00:00,2019-10-21T13:07:08.363+00:00,5043,15,102.48735034722145,144.04067662037082,0,0,0,0,0
u10200,u10200.csv,1552,1552,0,1,0,4,0,pay_only,0,0,2018-11-12T01:09:16.152+00:00,,,,,,,,0,0,0.0,0,0,0.0,2018-11-23T02:35:59.798+00:00,2019-11-23T13:41:42.514+00:00,2019-11-23T13:41:42.514+00:00,1548,8,365.46229995370186,384.0176006481493,0,0,0,0,0
u10201,u10201.csv,2101,2101,0,0,0,0,0,neither,0,0,,,,,,,,,0,0,0.0,0,0,0.0,2019-08-22T06:51:30.682+00:00,2019-09-22T23:35:37.858+00:00,2019-09-22T23:35:37.858+00:00,,,,,0,0,0,0,0
u10204,u10204.csv,3042,3042,0,0,0,0,0,neither,0,0,,,,,,,,,0,0,0.0,0,0,0.0,2019-02-26T23:21:44.916+00:00,2019-11-22T10:27:14.557+00:00,2019-11-22T10:27:14.557+00:00,,,,,0,0,0,0,0
u10205,u10205.csv,5824,5824,0,0,0,0,0,neither,0,0,,,,,,,,,0,0,0.0,0,0,0.0,2019-07-26T01:01:05.489+00:00,2019-09-06T05:49:12.892+00:00,2019-09-06T05:49:12.892+00:00,,,,,0,0,0,0,0
u10206,u10206.csv,622,622,0,0,0,0,0,neither,0,0,,,,,,,,,0,0,0.0,0,0,0.0,2019-08-12T04:10:17.410+00:00,2019-09-02T07:12:09.848+00:00,2019-09-02T07:12:09.848+00:00,,,,,0,0,0,0,0
u10207,u10207.csv,3725,3725,0,0,0,0,0,neither,0,0,,,,,,,,,0,0,0.0,0,0,0.0,2019-08-26T02:41:52.654+00:00,2019-09-05T12:22:35.111+00:00,2019-09-05T12:22:35.111+00:00,,,,,0,0,0,0,0
u10208,u10208.csv,523,523,0,0,0,0,0,neither,0,0,,,,,,,,,0,0,0.0,0,0,0.0,2019-08-21T08:52:24.377+00:00,2019-08-28T23:46:27.060+00:00,2019-08-28T23:46:27.060+00:00,,,,,0,0,0,0,0
u10209,u10209.csv,10735,10735,0,1,0,1,0,pay_only,0,0,2019-09-04T13:30:42.677+00:00,,,,,,,,0,0,0.0,0,0,0.0,2018-12-13T07:00:49.859+00:00,2019-11-23T10:11:31.231+00:00,2019-11-23T10:11:31.231+00:00,6172,35,79.40187004629661,87.50271031250004,0,0,0,0,0
u1021,u1021.csv,962,962,0,1,0,1,0,pay_only,0,0,2019-11-15T07:17:01.398+00:00,,,,,,,,0,0,0.0,0,0,0.0,2019-07-05T13:08:28.731+00:00,2019-11-16T05:13:04.184+00:00,2019-11-16T05:13:04.184+00:00,130,2,0.5378491435199976,15.762215856482033,0,0,0,0,1
u10210,u10210.csv,31476,31476,0,1,0,1,0,pay_only,0,0,2019-06-10T04:40:41.833+00:00,,,,,,,,0,0,0.0,0,0,0.0,2019-06-08T09:10:42.657+00:00,2019-11-24T00:48:14.267+00:00,2019-11-24T00:48:14.267+00:00,31075,119,166.07091074074032,173.87077563657527,0,0,0,0,0
u10211,u10211.csv,27,27,0,0,0,0,0,neither,0,0,,,,,,,,,0,0,0.0,0,0,0.0,2019-09-01T23:31:05.245+00:00,2019-09-01T23:33:35.994+00:00,2019-09-01T23:33:35.994+00:00,,,,,0,0,0,0,0
u102122,u102122.csv,2097,2097,0,0,0,0,0,neither,0,0,,,,,,,,,0,0,0.0,0,0,0.0,2019-02-25T06:25:35.482+00:00,2019-09-07T04:23:17.377+00:00,2019-09-07T04:23:17.377+00:00,,,,,0,0,0,0,0
u10213,u10213.csv,179,179,0,0,0,0,0,neither,0,0,,,,,,,,,0,0,0.0,0,0,0.0,2019-09-03T23:48:40.214+00:00,2019-09-14T04:28:04.481+00:00,2019-09-14T04:28:04.481+00:00,,,,,0,0,0,0,0
u10214,u10214.csv,20,20,0,0,0,0,0,neither,0,0,,,,,,,,,0,0,0.0,0,0,0.0,2019-09-01T23:31:47.397+00:00,2019-09-01T23:34:02.374+00:00,2019-09-01T23:34:02.374+00:00,,,,,0,0,0,0,0
u10217,u10217.csv,2862,2862,0,0,0,0,0,neither,0,0,,,,,,,,,0,0,0.0,0,0,0.0,2019-03-21T10:11:36.342+00:00,2019-09-01T23:36:47.590+00:00,2019-09-01T23:36:47.590+00:00,,,,,0,0,0,0,0
u10218,u10218.csv,23,23,0,0,0,0,0,neither,0,0,,,,,,,,,0,0,0.0,0,0,0.0,2019-09-01T23:31:38.327+00:00,2019-09-01T23:35:47.494+00:00,2019-09-01T23:35:47.494+00:00,,,,,0,0,0,0,0
u10219,u10219.csv,23870,23870,0,1,0,2,0,pay_only,0,0,2019-05-10T13:28:33.664+00:00,,,,,,,,0,0,0.0,0,0,0.0,2019-01-24T13:04:25.632+00:00,2019-08-05T22:25:30.605+00:00,2019-08-05T22:25:30.605+00:00,11293,54,86.99451125000085,204.5042035185187,0,0,0,0,0
u1022,u1022.csv,388,388,0,1,0,1,0,pay_only,0,0,2019-07-07T22:06:23.793+00:00,,,,,,,,0,0,0.0,0,0,0.0,2019-07-04T06:42:31.487+00:00,2019-08-10T13:44:56.465+00:00,2019-08-10T13:44:56.465+00:00,355,10,33.037907118055,146.14459554398226,0,0,0,0,0
u10224,u10224.csv,170,170,0,1,0,1,0,pay_only,0,0,2019-08-28T02:16:48.706+00:00,,,,,,,,0,0,0.0,0,0,0.0,2019-06-27T06:20:15.113+00:00,2019-09-19T09:39:02.440+00:00,2019-09-19T09:39:02.440+00:00,130,7,21.454767129630955,94.9706960879625,0,0,0,0,0
u10225,u10225.csv,22,22,0,1,0,1,0,pay_only,0,0,2019-09-02T06:09:26.841+00:00,,,,,,,,0,0,0.0,0,0,0.0,2019-09-01T23:35:13.658+00:00,2019-09-01T23:39:14.608+00:00,2019-09-02T06:09:26.841+00:00,0,0,0.0,89.80914359953668,0,0,0,0,0
u10226,u10226.csv,2768,2768,0,0,0,0,0,neither,0,0,,,,,,,,,0,0,0.0,0,0,0.0,2019-08-13T04:01:51.478+00:00,2019-11-26T07:29:38.190+00:00,2019-11-26T07:29:38.190+00:00,,,,,0,0,0,0,0
u10231,u10231.csv,6135,6135,0,1,0,2,0,pay_only,0,0,2019-03-17T13:52:54.086+00:00,,,,,,,,0,0,0.0,0,0,0.0,2019-03-03T09:22:40.618+00:00,2019-10-21T03:42:28.634+00:00,2019-10-21T03:42:28.634+00:00,6097,43,216.64399765046383,258.4873004861121,0,0,0,0,0
u10232,u10232.csv,4615,4615,0,1,0,1,0,pay_only,0,0,2019-05-28T05:48:49.211+00:00,,,,,,,,0,0,0.0,0,0,0.0,2019-05-28T12:52:38.078+00:00,2019-09-02T22:34:12.150+00:00,2019-09-02T22:34:12.150+00:00,4614,33,97.40386657407439,186.8234680208343,0,0,0,0,0
u10233,u10233.csv,2656,2656,0,0,0,0,0,neither,0,0,,,,,,,,,0,0,0.0,0,0,0.0,2019-07-09T15:47:43.776+00:00,2019-10-20T23:29:07.053+00:00,2019-10-20T23:29:07.053+00:00,,,,,0,0,0,0,0
u10235,u10235.csv,2404,2404,0,1,0,1,0,pay_only,0,0,2019-09-01T14:56:53.970+00:00,,,,,,,,0,0,0.0,0,0,0.0,2019-09-02T00:07:46.482+00:00,2019-10-15T14:25:01.008+00:00,2019-10-15T14:25:01.008+00:00,2403,17,43.5953070138864,90.4428573842595,0,0,0,0,0
u10236,u10236.csv,315,315,0,0,0,0,0,neither,0,0,,,,,,,,,0,0,0.0,0,0,0.0,2019-08-13T06:52:54.689+00:00,2019-09-07T23:23:01.715+00:00,2019-09-07T23:23:01.715+00:00,,,,,0,0,0,0,0
u10237,u10237.csv,580,580,0,1,0,1,0,pay_only,0,0,2019-09-01T13:57:33.083+00:00,,,,,,,,0,0,0.0,0,0,0.0,2019-08-22T22:59:57.926+00:00,2019-11-23T03:49:32.816+00:00,2019-11-23T03:49:32.816+00:00,486,14,80.61234900462958,90.48407135416788,0,0,0,0,0
u1024,u1024.csv,31,31,0,0,0,0,0,neither,0,0,,,,,,,,,0,0,0.0,0,0,0.0,2019-07-03T10:43:22.134+00:00,2019-07-08T13:19:55.659+00:00,2019-07-08T13:19:55.659+00:00,,,,,0,0,0,0,0
u10240,u10240.csv,10,10,0,0,0,0,0,neither,0,0,,,,,,,,,0,0,0.0,0,0,0.0,2019-09-01T23:39:25.785+00:00,2019-09-01T23:42:01.470+00:00,2019-09-01T23:42:01.470+00:00,,,,,0,0,0,0,0
u10242,u10242.csv,12509,12509,0,1,0,1,0,pay_only,0,0,2019-08-26T14:12:28.760+00:00,,,,,,,,0,0,0.0,0,0,0.0,2019-08-21T11:53:43.569+00:00,2019-09-12T11:32:57.020+00:00,2019-09-12T11:32:57.020+00:00,11783,16,16.568161527776606,96.4737047222229,0,0,0,0,0
u10245,u10245.csv,11311,11311,0,1,0,2,0,pay_only,0,0,2019-08-13T15:26:11.844+00:00,,,,,,,,0,0,0.0,0,0,0.0,2019-08-14T11:55:42.216+00:00,2019-11-26T23:09:27.463+00:00,2019-11-26T23:09:27.463+00:00,11309,52,104.4678848032405,109.42251162036978,0,0,0,0,0
u10246,u10246.csv,37,37,0,0,0,0,0,neither,0,0,,,,,,,,,0,0,0.0,0,0,0.0,2019-09-01T23:41:01.894+00:00,2019-09-01T23:48:04.554+00:00,2019-09-01T23:48:04.554+00:00,,,,,0,0,0,0,0
u10248,u10248.csv,1176,1176,0,1,0,1,0,pay_only,0,0,2019-04-14T19:49:57.000+00:00,,,,,,,,0,0,0.0,0,0,0.0,2019-04-15T04:31:43.601+00:00,2019-09-03T08:32:31.268+00:00,2019-09-03T08:32:31.268+00:00,1175,16,141.16721836805343,230.23935009259316,0,0,0,0,0
u10250,u10250.csv,3256,3256,0,0,0,0,0,neither,0,0,,,,,,,,,0,0,0.0,0,0,0.0,2018-10-29T23:36:19.980+00:00,2019-07-13T04:22:47.964+00:00,2019-07-13T04:22:47.964+00:00,,,,,0,0,0,0,0
u10251,u10251.csv,5368,5368,0,0,0,0,0,neither,0,0,,,,,,,,,0,0,0.0,0,0,0.0,2018-12-18T04:20:54.198+00:00,2019-05-04T10:39:08.873+00:00,2019-05-04T10:39:08.873+00:00,,,,,0,0,0,0,0
u10252,u10252.csv,23438,23438,0,1,0,1,0,pay_only,0,0,2019-01-16T17:04:06.420+00:00,,,,,,,,0,0,0.0,0,0,0.0,2019-01-17T01:35:59.914+00:00,2019-09-16T00:10:04.766+00:00,2019-09-16T00:10:04.766+00:00,23437,140,241.94033393518515,318.35451884259226,0,0,0,0,0
u10253,u10253.csv,20,20,0,0,0,0,0,neither,0,0,,,,,,,,,0,0,0.0,0,0,0.0,2019-09-01T23:41:30.147+00:00,2019-09-01T23:46:35.238+00:00,2019-09-01T23:46:35.238+00:00,,,,,0,0,0,0,0
u10255,u10255.csv,107,107,0,1,0,1,0,pay_only,0,0,2019-08-07T16:11:14.837+00:00,,,,,,,,0,0,0.0,0,0,0.0,2019-08-07T05:00:13.030+00:00,2019-09-03T09:16:55.115+00:00,2019-09-03T09:16:55.115+00:00,97,5,26.34831651620291,115.39122697916848,0,0,0,0,0
u10256,u10256.csv,581,581,0,1,0,1,0,pay_only,0,0,2019-09-01T14:39:32.916+00:00,,,,,,,,0,0,0.0,0,0,0.0,2019-01-20T14:45:45.251+00:00,2019-09-05T02:44:25.391+00:00,2019-09-05T02:44:25.391+00:00,287,3,3.109828784722421,90.45490662037223,0,0,0,0,0
u10257,u10257.csv,5056,5056,0,0,0,0,0,neither,0,0,,,,,,,,,0,0,0.0,0,0,0.0,2019-07-08T03:03:28.063+00:00,2019-09-09T02:12:29.294+00:00,2019-09-09T02:12:29.294+00:00,,,,,0,0,0,0,0
u10258,u10258.csv,776,776,0,1,0,1,0,pay_only,0,0,2019-08-30T04:09:42.890+00:00,,,,,,,,0,0,0.0,0,0,0.0,2019-08-30T12:59:17.364+00:00,2019-09-11T05:55:20.693+00:00,2019-09-11T05:55:20.693+00:00,775,7,11.705594085648103,92.89229118055492,0,0,0,0,0
u10259,u10259.csv,26,26,0,1,0,1,0,pay_only,0,0,2019-08-25T19:52:23.908+00:00,,,,,,,,0,0,0.0,0,0,0.0,2019-08-26T04:46:03.352+00:00,2019-08-26T04:50:19.891+00:00,2019-08-26T04:50:19.891+00:00,25,1,0.0029692013892862533,97.23764976851918,0,0,0,0,0
u1026,u1026.csv,4010,4010,0,1,0,1,0,pay_only,0,0,2019-06-27T13:55:45.413+00:00,,,,,,,,0,0,0.0,0,0,0.0,2018-10-21T11:40:54.432+00:00,2019-07-16T07:14:34.730+00:00,2019-07-16T07:14:34.730+00:00,3719,15,18.216060289351475,156.48531753472156,0,0,0,0,0
u10260,u10260.csv,86,86,0,0,0,0,0,neither,0,0,,,,,,,,,0,0,0.0,0,0,0.0,2019-08-29T13:38:16.395+00:00,2019-09-02T10:34:09.549+00:00,2019-09-02T10:34:09.549+00:00,,,,,0,0,0,0,0
u10263,u10263.csv,36,36,0,0,0,0,0,neither,0,0,,,,,,,,,0,0,0.0,0,0,0.0,2019-09-01T23:44:25.631+00:00,2019-09-01T23:50:49.746+00:00,2019-09-01T23:50:49.746+00:00,,,,,0,0,0,0,0
u10265,u10265.csv,831,831,0,0,0,0,0,neither,0,0,,,,,,,,,0,0,0.0,0,0,0.0,2019-08-20T07:58:05.982+00:00,2019-09-26T00:36:46.126+00:00,2019-09-26T00:36:46.126+00:00,,,,,0,0,0,0,0
u10268,u10268.csv,12142,12142,0,1,1,2,2,pay_then_refund,1,2,2019-06-28T18:17:43.102+00:00,2019-07-08T17:07:26.518+00:00,2019-06-28T18:17:43.102+00:00,2019-07-08T17:07:26.518+00:00,238.82872666663593,9.951196944443163,2019-06-24T17:31:57.363+00:00,2019-06-29T05:41:10.137+00:00,195,3,4.506397847224165,167,1,0.06972177083293597,2019-06-24T17:31:57.363+00:00,2019-11-06T04:19:33.267+00:00,2019-11-27T18:53:56.437+00:00,,,,155.30339983796355,0,0,0,0,0
u1027,u1027.csv,22,22,0,0,0,0,0,neither,0,0,,,,,,,,,0,0,0.0,0,0,0.0,2019-07-05T14:08:19.386+00:00,2019-07-05T14:10:34.021+00:00,2019-07-05T14:10:34.021+00:00,,,,,0,0,0,0,0
u10270,u10270.csv,302,302,0,0,0,0,0,neither,0,0,,,,,,,,,0,0,0.0,0,0,0.0,2019-08-31T01:46:58.338+00:00,2019-09-21T10:18:24.753+00:00,2019-09-21T10:18:24.753+00:00,,,,,0,0,0,0,0
u10271,u10271.csv,1276,1276,0,1,0,1,0,pay_only,0,0,2019-08-26T00:25:58.599+00:00,,,,,,,,0,0,0.0,0,0,0.0,2019-09-22T15:11:43.723+00:00,2019-09-28T04:09:36.253+00:00,2019-09-28T04:09:36.253+00:00,1275,6,5.540191319444113,97.04766491898232,0,0,0,0,0
u10272,u10272.csv,389,389,0,0,0,0,0,neither,0,0,,,,,,,,,0,0,0.0,0,0,0.0,2019-09-25T16:25:16.728+00:00,2019-11-07T12:15:21.811+00:00,2019-11-07T12:15:21.811+00:00,,,,,0,0,0,0,0
u10273,u10273.csv,34,34,0,0,0,0,0,neither,0,0,,,,,,,,,0,0,0.0,0,0,0.0,2019-09-01T23:46:53.801+00:00,2019-09-01T23:50:11.641+00:00,2019-09-01T23:50:11.641+00:00,,,,,0,0,0,0,0
u10274,u10274.csv,6413,6413,0,1,0,1,0,pay_only,0,0,2019-04-14T01:21:03.931+00:00,,,,,,,,0,0,0.0,0,0,0.0,2019-04-14T23:37:31.412+00:00,2019-11-09T03:33:25.282+00:00,2019-11-09T03:33:25.282+00:00,6412,107,208.16381793981625,231.00940876157472,0,0,0,0,0
u10275,u10275.csv,5887,5887,0,0,0,0,0,neither,0,0,,,,,,,,,0,0,0.0,0,0,0.0,2019-04-20T23:11:12.696+00:00,2019-11-20T23:43:03.254+00:00,2019-11-20T23:43:03.254+00:00,,,,,0,0,0,0,0
u10276,u10276.csv,416,416,0,1,0,1,0,pay_only,0,0,2019-08-23T23:03:56.359+00:00,,,,,,,,0,0,0.0,0,0,0.0,2019-08-22T06:47:25.401+00:00,2019-08-26T10:47:06.518+00:00,2019-08-26T10:47:06.518+00:00,189,3,1.4543857870361319,99.1046352893528,0,0,0,0,0
u10277,u10277.csv,5832,5832,0,0,0,0,0,neither,0,0,,,,,,,,,0,0,0.0,0,0,0.0,2019-06-22T15:20:54.966+00:00,2019-09-15T23:58:56.394+00:00,2019-09-15T23:58:56.394+00:00,,,,,0,0,0,0,0
u1028,u1028.csv,15894,15894,0,1,0,1,0,pay_only,0,0,2019-04-28T00:08:52.374+00:00,,,,,,,,0,0,0.0,0,0,0.0,2019-04-26T13:13:17.897+00:00,2019-10-15T11:13:28.117+00:00,2019-10-15T11:13:28.117+00:00,15369,107,170.0854409375014,217.05954252314788,0,0,0,0,0
u10283,u10283.csv,3364,3364,0,0,0,0,0,neither,0,0,,,,,,,,,0,0,0.0,0,0,0.0,2019-07-16T23:55:00.741+00:00,2019-09-06T00:54:56.057+00:00,2019-09-06T00:54:56.057+00:00,,,,,0,0,0,0,0
u10284,u10284.csv,780,780,0,1,0,1,0,pay_only,0,0,2019-08-06T19:33:51.050+00:00,,,,,,,,0,0,0.0,0,0,0.0,2019-08-11T12:13:20.767+00:00,2019-08-27T13:07:37.353+00:00,2019-08-27T13:07:37.353+00:00,779,7,16.037691967592195,116.25053006944557,0,0,0,0,0
u10285,u10285.csv,264,264,0,1,0,1,0,pay_only,0,0,2019-08-29T00:26:52.266+00:00,,,,,,,,0,0,0.0,0,0,0.0,2019-08-29T09:19:11.738+00:00,2019-09-25T02:12:29.607+00:00,2019-09-25T02:12:29.607+00:00,263,5,26.703679039354125,94.04704377314835,0,0,0,0,0
u10288,u10288.csv,24,24,0,0,0,0,0,neither,0,0,,,,,,,,,0,0,0.0,0,0,0.0,2019-09-01T23:49:13.333+00:00,2019-09-01T23:56:12.010+00:00,2019-09-01T23:56:12.010+00:00,,,,,0,0,0,0,0
u10289,u10289.csv,440,440,0,0,0,0,0,neither,0,0,,,,,,,,,0,0,0.0,0,0,0.0,2019-01-03T16:33:20.203+00:00,2019-11-17T11:05:34.222+00:00,2019-11-17T11:05:34.222+00:00,,,,,0,0,0,0,0
u1029,u1029.csv,21,21,0,1,0,1,0,pay_only,0,0,2019-05-30T23:56:23.662+00:00,,,,,,,,0,0,0.0,0,0,0.0,2019-07-08T10:28:29.101+00:00,2019-07-08T14:06:07.260+00:00,2019-07-08T14:06:07.260+00:00,20,1,0.15113609953610985,184.06820817129756,0,0,0,0,0
u10291,u10291.csv,11004,11004,0,0,0,0,0,neither,0,0,,,,,,,,,0,0,0.0,0,0,0.0,2019-07-20T17:23:03.741+00:00,2019-11-07T04:31:21.792+00:00,2019-11-07T04:31:21.792+00:00,,,,,0,0,0,0,0
u10293,u10293.csv,1343,1343,0,0,0,0,0,neither,0,0,,,,,,,,,0,0,0.0,0,0,0.0,2019-08-29T05:46:56.927+00:00,2019-09-07T04:59:55.953+00:00,2019-09-07T04:59:55.953+00:00,,,,,0,0,0,0,0
u10294,u10294.csv,6382,6382,0,0,0,0,0,neither,0,0,,,,,,,,,0,0,0.0,0,0,0.0,2019-06-03T23:42:39.271+00:00,2019-08-27T10:24:37.930+00:00,2019-08-27T10:24:37.930+00:00,,,,,0,0,0,0,0
u10295,u10295.csv,17279,17279,0,0,0,0,0,neither,0,0,,,,,,,,,0,0,0.0,0,0,0.0,2019-07-10T06:56:14.486+00:00,2019-11-27T00:47:12.631+00:00,2019-11-27T00:47:12.631+00:00,,,,,0,0,0,0,0
u10296,u10296.csv,2082,2082,0,0,0,0,0,neither,0,0,,,,,,,,,0,0,0.0,0,0,0.0,2019-07-11T23:10:40.705+00:00,2019-11-26T23:43:26.274+00:00,2019-11-26T23:43:26.274+00:00,,,,,0,0,0,0,0
u10297,u10297.csv,2738,2738,0,0,0,0,0,neither,0,0,,,,,,,,,0,0,0.0,0,0,0.0,2019-02-01T15:57:34.998+00:00,2019-02-21T23:05:34.272+00:00,2019-02-21T23:05:34.272+00:00,,,,,0,0,0,0,0
u10298,u10298.csv,2230,2230,0,0,0,0,0,neither,0,0,,,,,,,,,0,0,0.0,0,0,0.0,2019-08-11T13:52:16.439+00:00,2019-09-15T11:02:31.659+00:00,2019-09-15T11:02:31.659+00:00,,,,,0,0,0,0,0
u103,u103.csv,27,27,0,0,0,0,0,neither,0,0,,,,,,,,,0,0,0.0,0,0,0.0,2019-06-26T10:26:18.443+00:00,2019-06-26T10:29:33.520+00:00,2019-06-26T10:29:33.520+00:00,,,,,0,0,0,0,0
u1030,u1030.csv,1188,1188,0,0,0,0,0,neither,0,0,,,,,,,,,0,0,0.0,0,0,0.0,2019-07-02T11:36:37.041+00:00,2019-07-22T13:18:21.807+00:00,2019-07-22T13:18:21.807+00:00,,,,,0,0,0,0,0
u10300,u10300.csv,161,161,0,1,0,1,0,pay_only,0,0,2019-07-24T19:39:24.858+00:00,,,,,,,,0,0,0.0,0,0,0.0,2019-07-24T09:00:52.433+00:00,2019-09-02T00:31:41.367+00:00,2019-09-02T00:31:41.367+00:00,135,2,37.66874091435362,129.24666655092602,0,0,0,0,0
u10302,u10302.csv,22552,22552,0,1,0,2,0,pay_only,0,0,2019-08-28T19:09:28.810+00:00,,,,,,,,0,0,0.0,0,0,0.0,2019-08-28T08:48:37.466+00:00,2019-11-27T01:09:29.228+00:00,2019-11-27T01:09:29.228+00:00,22529,58,89.870838020833,94.26745414351976,0,0,0,0,0
u10303,u10303.csv,30,30,0,0,0,0,0,neither,0,0,,,,,,,,,0,0,0.0,0,0,0.0,2019-08-30T05:06:03.081+00:00,2019-08-30T05:09:43.649+00:00,2019-08-30T05:09:43.649+00:00,,,,,0,0,0,0,0
u10306,u10306.csv,3238,3238,0,0,0,0,0,neither,0,0,,,,,,,,,0,0,0.0,0,0,0.0,2019-02-23T04:48:22.659+00:00,2019-10-23T14:07:26.524+00:00,2019-10-23T14:07:26.524+00:00,,,,,0,0,0,0,0
u10307,u10307.csv,2731,2731,0,0,0,0,0,neither,0,0,,,,,,,,,0,0,0.0,0,0,0.0,2019-08-21T22:16:50.858+00:00,2019-09-19T01:16:11.437+00:00,2019-09-19T01:16:11.437+00:00,,,,,0,0,0,0,0
u10308,u10308.csv,8,8,0,0,0,0,0,neither,0,0,,,,,,,,,0,0,0.0,0,0,0.0,2019-09-01T23:54:12.630+00:00,2019-09-01T23:55:15.381+00:00,2019-09-01T23:55:15.381+00:00,,,,,0,0,0,0,0
u1031,u1031.csv,911,911,0,1,0,1,0,pay_only,0,0,2019-07-08T05:02:08.619+00:00,,,,,,,,0,0,0.0,0,0,0.0,2019-07-07T14:40:21.476+00:00,2019-07-17T02:53:03.141+00:00,2019-07-17T02:53:03.141+00:00,887,6,8.597380810186818,145.85588228009365,0,0,0,0,0
u10312,u10312.csv,310,310,0,1,0,1,0,pay_only,0,0,2019-08-27T19:05:34.624+00:00,,,,,,,,0,0,0.0,0,0,0.0,2018-11-20T11:16:35.163+00:00,2019-08-29T03:36:17.435+00:00,2019-08-29T03:36:17.435+00:00,144,2,0.2320735532404096,95.27016462962936,0,0,0,0,0
u10314,u10314.csv,15156,15156,0,0,0,0,0,neither,0,0,,,,,,,,,0,0,0.0,0,0,0.0,2018-12-17T04:07:27.387+00:00,2019-11-21T01:19:44.069+00:00,2019-11-21T01:19:44.069+00:00,,,,,0,0,0,0,0
u10315,u10315.csv,39,39,0,1,0,1,0,pay_only,0,0,2019-08-15T15:42:59.779+00:00,,,,,,,,0,0,0.0,0,0,0.0,2019-08-16T00:33:33.242+00:00,2019-08-30T00:24:28.402+00:00,2019-08-30T00:24:28.402+00:00,38,2,13.993693981479716,107.41084570601859,0,0,0,0,0
u10316,u10316.csv,858,858,0,0,0,0,0,neither,0,0,,,,,,,,,0,0,0.0,0,0,0.0,2019-05-08T14:59:20.227+00:00,2019-09-03T01:00:24.639+00:00,2019-09-03T01:00:24.639+00:00,,,,,0,0,0,0,0
u10318,u10318.csv,4066,4066,0,1,0,1,0,pay_only,0,0,2019-07-08T22:01:36.197+00:00,,,,,,,,0,0,0.0,0,0,0.0,2019-07-09T06:47:53.904+00:00,2019-08-11T05:29:07.736+00:00,2019-08-11T05:29:07.736+00:00,4065,18,32.94529898148168,145.14792420138915,0,0,0,0,0
u10319,u10319.csv,3552,3552,0,1,0,1,0,pay_only,0,0,2019-08-21T01:37:45.377+00:00,,,,,,,,0,0,0.0,0,0,0.0,2019-09-19T23:52:45.808+00:00,2019-11-27T05:47:39.136+00:00,2019-11-27T05:47:39.136+00:00,3551,19,68.2464505555536,101.99781795138838,0,0,0,0,0
u1032,u1032.csv,427,427,0,1,0,1,0,pay_only,0,0,2019-07-17T23:13:23.151+00:00,,,,,,,,0,0,0.0,0,0,0.0,2019-07-08T13:57:47.019+00:00,2019-07-19T08:18:50.545+00:00,2019-07-19T08:18:50.545+00:00,396,2,0.7376840625013467,136.09807519675957,0,0,0,0,0
u10321,u10321.csv,24,24,0,0,0,0,0,neither,0,0,,,,,,,,,0,0,0.0,0,0,0.0,2019-09-01T23:56:10.565+00:00,2019-09-02T00:00:25.824+00:00,2019-09-02T00:00:25.824+00:00,,,,,0,0,0,0,0
u10322,u10322.csv,927,927,0,1,0,1,0,pay_only,0,0,2019-08-04T23:18:25.837+00:00,,,,,,,,0,0,0.0,0,0,0.0,2019-08-20T13:18:07.536+00:00,2019-11-21T19:58:29.525+00:00,2019-11-21T19:58:29.525+00:00,926,8,93.27803228009354,118.09457188657588,0,0,0,0,0
u10323,u10323.csv,8132,8132,0,0,0,0,0,neither,0,0,,,,,,,,,0,0,0.0,0,0,0.0,2019-05-28T13:39:07.987+00:00,2019-11-13T04:56:03.664+00:00,2019-11-13T04:56:03.664+00:00,,,,,0,0,0,0,0
u10326,u10326.csv,26,26,0,0,0,0,0,neither,0,0,,,,,,,,,0,0,0.0,0,0,0.0,2019-08-18T16:40:05.139+00:00,2019-08-18T16:43:21.933+00:00,2019-08-18T16:43:21.933+00:00,,,,,0,0,0,0,0
u10329,u10329.csv,6015,6015,0,1,0,1,0,pay_only,0,0,2019-09-03T01:03:08.619+00:00,,,,,,,,0,0,0.0,0,0,0.0,2019-07-18T13:44:14.279+00:00,2019-10-17T12:27:07.722+00:00,2019-10-17T12:27:07.722+00:00,5400,23,44.08126592592509,89.02185450231588,0,0,0,0,0
u1033,u1033.csv,1835,1835,0,1,0,3,0,pay_only,0,0,2018-11-22T02:25:27.679+00:00,,,,,,,,0,0,0.0,0,0,0.0,2018-11-22T11:09:18.258+00:00,2019-09-23T08:15:45.279+00:00,2019-10-29T20:23:35.550+00:00,1832,12,304.8794794097239,373.96468945602027,0,0,0,0,0
u10332,u10332.csv,506,506,0,1,0,1,0,pay_only,0,0,2019-09-01T15:35:21.157+00:00,,,,,,,,0,0,0.0,0,0,0.0,2019-09-02T00:00:11.220+00:00,2019-09-24T10:53:45.601+00:00,2019-09-24T10:53:45.601+00:00,505,6,22.453870150463448,90.41615383101835,0,0,0,0,0
u10333,u10333.csv,3828,3828,0,1,0,1,0,pay_only,0,0,2019-03-27T23:26:39.528+00:00,,,,,,,,0,0,0.0,0,0,0.0,2019-03-28T08:06:31.668+00:00,2019-08-30T00:23:24.418+00:00,2019-08-30T00:23:24.418+00:00,3827,45,154.6783883101852,248.0888578703696,0,0,0,0,0
u10334,u10334.csv,31703,31703,0,0,0,0,0,neither,0,0,,,,,,,,,0,0,0.0,0,0,0.0,2018-12-13T04:41:25.407+00:00,2019-11-21T09:10:25.665+00:00,2019-11-21T09:10:25.665+00:00,,,,,0,0,0,0,0
u10336,u10336.csv,580,580,0,0,0,0,0,neither,0,0,,,,,,,,,0,0,0.0,0,0,0.0,2019-11-02T02:20:23.201+00:00,2019-11-07T08:42:41.282+00:00,2019-11-07T08:42:41.282+00:00,,,,,0,0,0,0,0
u10337,u10337.csv,1756,1756,0,1,0,1,0,pay_only,0,0,2019-05-14T01:23:51.976+00:00,,,,,,,,0,0,0.0,0,0,0.0,2019-05-14T04:15:39.415+00:00,2019-09-19T01:54:44.028+00:00,2019-09-19T01:54:44.028+00:00,1755,98,127.90213672453882,201.00746379629607,0,0,0,0,0
u10339,u10339.csv,368,368,0,1,0,2,0,pay_only,0,0,2019-09-01T14:59:29.129+00:00,,,,,,,,0,0,0.0,0,0,0.0,2019-02-02T13:34:30.462+00:00,2019-09-02T00:19:24.351+00:00,2019-09-02T00:19:24.351+00:00,102,1,0.012348425926433669,90.44106156250118,0,0,0,0,0
u1034,u1034.csv,1784,1784,0,0,0,0,0,neither,0,0,,,,,,,,,0,0,0.0,0,0,0.0,2019-07-02T03:34:58.410+00:00,2019-07-17T12:15:48.149+00:00,2019-07-17T12:15:48.149+00:00,,,,,0,0,0,0,0
u10340,u10340.csv,8330,8330,0,0,0,0,0,neither,0,0,,,,,,,,,0,0,0.0,0,0,0.0,2019-09-01T02:00:09.223+00:00,2019-11-17T01:56:56.164+00:00,2019-11-17T01:56:56.164+00:00,,,,,0,0,0,0,0
u10341,u10341.csv,104,104,0,1,0,1,0,pay_only,0,0,2019-07-26T16:21:57.711+00:00,,,,,,,,0,0,0.0,0,0,0.0,2019-07-27T01:12:26.856+00:00,2019-07-30T11:12:53.398+00:00,2019-07-30T11:12:53.398+00:00,103,2,3.416973865741381,127.38378630787135,0,0,0,0,0
u10342,u10342.csv,56911,56911,0,1,0,2,0,pay_only,0,0,2019-06-22T00:10:50.096+00:00,,,,,,,,0,0,0.0,0,0,0.0,2019-06-22T08:39:44.310+00:00,2019-11-25T23:21:56.846+00:00,2019-11-25T23:21:56.846+00:00,56909,129,156.61264509259274,162.05818000000107,0,0,0,0,0
u10344,u10344.csv,3933,3933,0,1,0,1,0,pay_only,0,0,2019-07-14T00:46:06.537+00:00,,,,,,,,0,0,0.0,0,0,0.0,2019-07-14T06:30:57.479+00:00,2019-09-27T14:34:34.109+00:00,2019-09-27T14:34:34.109+00:00,3932,37,75.33584062499857,140.03368415509385,0,0,0,0,0
u10345,u10345.csv,9040,9040,0,1,0,3,0,pay_only,0,0,2019-06-28T06:09:54.875+00:00,,,,,,,,0,0,0.0,0,0,0.0,2019-03-07T00:07:19.872+00:00,2019-11-20T00:22:00.458+00:00,2019-11-20T00:22:00.458+00:00,8652,70,143.80799457175863,155.80881913194503,0,0,0,0,0
u10346,u10346.csv,16116,16116,0,1,0,1,0,pay_only,0,0,2019-07-09T15:37:00.316+00:00,,,,,,,,0,0,0.0,0,0,0.0,2019-07-10T00:09:51.787+00:00,2019-09-06T07:25:47.319+00:00,2019-09-06T07:25:47.319+00:00,16115,32,58.302726064815566,144.41500615740816,0,0,0,0,0
u10347,u10347.csv,7005,7005,0,0,0,0,0,neither,0,0,,,,,,,,,0,0,0.0,0,0,0.0,2019-07-10T09:10:57.240+00:00,2019-11-13T11:08:09.656+00:00,2019-11-13T11:08:09.656+00:00,,,,,0,0,0,0,0
u10348,u10348.csv,811,811,0,0,0,0,0,neither,0,0,,,,,,,,,0,0,0.0,0,0,0.0,2019-08-26T09:02:07.544+00:00,2019-09-20T07:07:35.204+00:00,2019-09-20T07:07:35.204+00:00,,,,,0,0,0,0,0
u1035,u1035.csv,12431,12431,0,1,0,1,0,pay_only,0,0,2019-07-08T04:25:49.175+00:00,,,,,,,,0,0,0.0,0,0,0.0,2019-02-18T15:33:20.486+00:00,2019-08-30T02:11:20.196+00:00,2019-08-30T02:11:20.196+00:00,4160,32,52.478783483797756,145.88110732639,0,0,0,0,0
u10350,u10350.csv,24,24,0,0,0,0,0,neither,0,0,,,,,,,,,0,0,0.0,0,0,0.0,2019-09-02T00:02:52.291+00:00,2019-09-02T00:07:30.352+00:00,2019-09-02T00:07:30.352+00:00,,,,,0,0,0,0,0
u10351,u10351.csv,458,458,0,1,0,1,0,pay_only,0,0,2019-08-31T23:42:55.470+00:00,,,,,,,,0,0,0.0,0,0,0.0,2019-11-07T02:04:13.389+00:00,2019-11-16T09:56:50.495+00:00,2019-11-16T09:56:50.495+00:00,457,6,9.328207245369752,91.07756224537061,0,0,0,0,0
u10354,u10354.csv,73,73,0,1,0,1,0,pay_only,0,0,2019-08-24T00:40:25.848+00:00,,,,,,,,0,0,0.0,0,0,0.0,2019-08-26T09:06:33.931+00:00,2019-09-07T15:11:11.449+00:00,2019-09-07T15:11:11.449+00:00,72,2,12.253212013887586,99.03762731481481,0,0,0,0,0
u10357,u10357.csv,779,779,0,0,0,0,0,neither,0,0,,,,,,,,,0,0,0.0,0,0,0.0,2019-08-01T14:48:32.828+00:00,2019-08-27T07:17:21.313+00:00,2019-08-27T07:17:21.313+00:00,,,,,0,0,0,0,0
u10359,u10359.csv,4685,4685,0,1,0,1,0,pay_only,0,0,2019-08-06T21:04:39.140+00:00,,,,,,,,0,0,0.0,0,0,0.0,2019-08-07T13:43:09.186+00:00,2019-09-26T01:17:14.489+00:00,2019-09-26T01:17:14.489+00:00,4684,26,49.48200582175895,116.18747347222158,0,0,0,0,0
u1036,u1036.csv,37,37,0,0,0,0,0,neither,0,0,,,,,,,,,0,0,0.0,0,0,0.0,2019-07-06T14:48:19.591+00:00,2019-07-08T15:22:07.998+00:00,2019-07-08T15:22:07.998+00:00,,,,,0,0,0,0,0
u10360,u10360.csv,980,980,0,0,0,0,0,neither,0,0,,,,,,,,,0,0,0.0,0,0,0.0,2019-08-24T01:28:41.642+00:00,2019-09-07T08:39:35.300+00:00,2019-09-07T08:39:35.300+00:00,,,,,0,0,0,0,0
u10363,u10363.csv,4758,4758,0,1,0,1,0,pay_only,0,0,2019-08-28T04:07:29.828+00:00,,,,,,,,0,0,0.0,0,0,0.0,2019-08-28T12:55:39.455+00:00,2019-09-26T00:14:29.596+00:00,2019-09-26T00:14:29.596+00:00,4757,26,28.471413668981857,94.89383124999978,0,0,0,0,0
u10366,u10366.csv,462,462,0,1,0,1,0,pay_only,0,0,2019-08-28T01:31:35.756+00:00,,,,,,,,0,0,0.0,0,0,0.0,2019-08-28T09:40:53.119+00:00,2019-10-30T21:08:11.101+00:00,2019-10-30T21:08:11.101+00:00,461,5,63.47729145833463,95.0020959722223,0,0,0,0,0
u10367,u10367.csv,19,19,0,0,0,0,0,neither,0,0,,,,,,,,,0,0,0.0,0,0,0.0,2019-08-26T15:12:26.067+00:00,2019-09-02T00:08:33.289+00:00,2019-09-02T00:08:33.289+00:00,,,,,0,0,0,0,0
u10368,u10368.csv,92,92,0,1,0,1,0,pay_only,0,0,2019-08-27T04:57:28.952+00:00,,,,,,,,0,0,0.0,0,0,0.0,2019-08-24T12:19:12.646+00:00,2019-09-09T06:15:00.927+00:00,2019-09-09T06:15:00.927+00:00,62,2,10.636690254630865,95.85911916666836,0,0,0,0,0
u10369,u10369.csv,7893,7893,0,0,0,0,0,neither,0,0,,,,,,,,,0,0,0.0,0,0,0.0,2019-01-29T07:46:17.406+00:00,2019-08-20T15:05:58.979+00:00,2019-08-20T15:05:58.979+00:00,,,,,0,0,0,0,0
u1037,u1037.csv,2444,2444,0,1,0,1,0,pay_only,0,0,2019-06-22T21:52:53.262+00:00,,,,,,,,0,0,0.0,0,0,0.0,2019-06-23T13:46:29.423+00:00,2019-08-20T14:05:11.323+00:00,2019-08-20T14:05:11.323+00:00,2443,20,58.012984953702045,161.1539766898144,0,0,0,0,0
u10370,u10370.csv,2270,2270,0,0,0,0,0,neither,0,0,,,,,,,,,0,0,0.0,0,0,0.0,2019-07-07T22:08:00.823+00:00,2019-11-12T21:26:41.175+00:00,2019-11-12T21:26:41.175+00:00,,,,,0,0,0,0,0
u10371,u10371.csv,2105,2105,0,1,0,1,0,pay_only,0,0,2019-09-11T19:41:00.379+00:00,,,,,,,,0,0,0.0,0,0,0.0,2019-07-08T10:30:36.659+00:00,2019-11-10T00:25:26.215+00:00,2019-11-10T00:25:26.215+00:00,597,6,58.82121283564579,80.24556098379746,0,0,0,0,0
u10374,u10374.csv,676,676,0,1,0,1,0,pay_only,0,0,2019-01-19T15:49:50.575+00:00,,,,,,,,0,0,0.0,0,0,0.0,2019-01-20T08:10:36.226+00:00,2019-06-22T11:59:11.032+00:00,2019-06-22T11:59:11.032+00:00,675,5,153.15873618055548,315.4060911226852,0,0,0,0,0
u10375,u10375.csv,86,86,0,0,0,0,0,neither,0,0,,,,,,,,,0,0,0.0,0,0,0.0,2019-09-02T00:08:50.048+00:00,2019-09-06T01:05:49.726+00:00,2019-09-06T01:05:49.726+00:00,,,,,0,0,0,0,0
u10376,u10376.csv,26,26,0,1,0,1,0,pay_only,0,0,2019-08-04T20:36:03.709+00:00,,,,,,,,0,0,0.0,0,0,0.0,2019-08-06T05:53:34.701+00:00,2019-08-06T06:05:07.896+00:00,2019-08-06T06:05:07.896+00:00,25,1,0.008023090277005126,118.20732799768447,0,0,0,0,0
u10378,u10378.csv,4030,4030,0,0,0,0,0,neither,0,0,,,,,,,,,0,0,0.0,0,0,0.0,2019-07-23T19:35:27.381+00:00,2019-10-13T00:26:30.460+00:00,2019-10-13T00:26:30.460+00:00,,,,,0,0,0,0,0
u10379,u10379.csv,806,806,0,0,0,0,0,neither,0,0,,,,,,,,,0,0,0.0,0,0,0.0,2019-08-23T11:54:33.009+00:00,2019-09-11T14:16:16.899+00:00,2019-09-11T14:16:16.899+00:00,,,,,0,0,0,0,0
u1038,u1038.csv,78,78,0,1,0,1,0,pay_only,0,0,2019-07-04T20:20:51.837+00:00,,,,,,,,0,0,0.0,0,0,0.0,2019-07-05T05:07:38.989+00:00,2019-07-12T14:27:26.397+00:00,2019-07-12T14:27:26.397+00:00,77,4,7.38874314814806,149.21788207176107,0,0,0,0,0
u10380,u10380.csv,126,126,0,0,0,0,0,neither,0,0,,,,,,,,,0,0,0.0,0,0,0.0,2019-09-02T00:09:45.700+00:00,2019-09-02T00:39:19.333+00:00,2019-09-02T00:39:19.333+00:00,,,,,0,0,0,0,0
u10381,u10381.csv,10628,10628,0,0,0,0,0,neither,0,0,,,,,,,,,0,0,0.0,0,0,0.0,2018-11-17T21:41:48.743+00:00,2019-10-03T00:38:17.900+00:00,2019-10-03T00:38:17.900+00:00,,,,,0,0,0,0,0
u10383,u10383.csv,1368,1368,0,0,0,0,0,neither,0,0,,,,,,,,,0,0,0.0,0,0,0.0,2019-09-02T00:11:23.575+00:00,2019-10-07T01:52:41.950+00:00,2019-10-07T01:52:41.950+00:00,,,,,0,0,0,0,0
u10384,u10384.csv,42,42,0,1,0,1,0,pay_only,0,0,2019-08-07T22:58:50.368+00:00,,,,,,,,0,0,0.0,0,0,0.0,2019-08-01T14:47:59.576+00:00,2019-08-17T06:35:35.812+00:00,2019-08-17T06:35:35.812+00:00,8,3,2.672110023148082,115.10817685185208,0,0,0,0,0
u10386,u10386.csv,6,6,0,0,0,0,0,neither,0,0,,,,,,,,,0,0,0.0,0,0,0.0,2019-09-25T00:46:05.638+00:00,2019-09-25T00:59:33.812+00:00,2019-09-25T00:59:33.812+00:00,,,,,0,0,0,0,0
u10388,u10388.csv,1622,1622,0,1,0,1,0,pay_only,0,0,2019-09-01T15:54:41.437+00:00,,,,,,,,0,0,0.0,0,0,0.0,2019-09-02T00:12:15.422+00:00,2019-10-10T09:58:57.520+00:00,2019-10-10T09:58:57.520+00:00,1621,6,38.40743168981539,90.40272466435201,0,0,0,0,0
u10389,u10389.csv,424,424,0,1,0,1,0,pay_only,0,0,2019-09-01T13:00:01.202+00:00,,,,,,,,0,0,0.0,0,0,0.0,2019-07-13T13:33:13.834+00:00,2019-09-12T23:34:24.262+00:00,2019-09-12T23:34:24.262+00:00,50,3,10.964428344907033,90.52402368055725,0,0,0,0,0
u1039,u1039.csv,512,512,0,1,0,1,0,pay_only,0,0,2019-07-08T06:32:58.890+00:00,,,,,,,,0,0,0.0,0,0,0.0,2019-07-08T14:37:23.890+00:00,2019-08-16T15:12:16.559+00:00,2019-08-16T15:12:16.559+00:00,511,5,39.02422070601748,145.7928004398142,0,0,0,0,0
u10390,u10390.csv,9506,9506,0,0,0,0,0,neither,0,0,,,,,,,,,0,0,0.0,0,0,0.0,2019-01-15T03:07:38.458+00:00,2019-09-27T04:28:28.462+00:00,2019-09-27T04:28:28.462+00:00,,,,,0,0,0,0,0
u10391,u10391.csv,2156,2156,0,1,0,1,0,pay_only,0,0,2019-09-01T15:23:58.455+00:00,,,,,,,,0,0,0.0,0,0,0.0,2019-09-02T01:46:25.456+00:00,2019-09-21T02:42:46.131+00:00,2019-09-21T02:42:46.131+00:00,2155,7,19.039128182869817,90.42405547453849,0,0,0,0,0
u10395,u10395.csv,7166,7166,0,1,0,1,0,pay_only,0,0,2019-08-07T15:33:39.039+00:00,,,,,,,,0,0,0.0,0,0,0.0,2019-07-11T01:33:48.169+00:00,2019-09-19T07:58:26.207+00:00,2019-09-19T07:58:26.207+00:00,6148,23,42.231561423611865,115.417335752315,0,0,0,0,0
u10399,u10399.csv,20,20,0,0,0,0,0,neither,0,0,,,,,,,,,0,0,0.0,0,0,0.0,2019-09-02T00:14:05.154+00:00,2019-09-02T00:19:56.640+00:00,2019-09-02T00:19:56.640+00:00,,,,,0,0,0,0,0
u104,u104.csv,18,18,0,0,0,0,0,neither,0,0,,,,,,,,,0,0,0.0,0,0,0.0,2019-06-26T10:43:03.291+00:00,2019-06-26T10:44:28.580+00:00,2019-06-26T10:44:28.580+00:00,,,,,0,0,0,0,0
u1040,u1040.csv,538,538,0,1,0,1,0,pay_only,0,0,2019-07-05T13:12:44.712+00:00,,,,,,,,0,0,0.0,0,0,0.0,2019-07-04T00:29:12.263+00:00,2019-07-29T15:07:44.760+00:00,2019-07-29T15:07:44.760+00:00,510,12,20.968703761572637,148.51518675926107,0,0,0,0,0
u10400,u10400.csv,55,55,0,0,0,0,0,neither,0,0,,,,,,,,,0,0,0.0,0,0,0.0,2019-09-02T00:14:17.819+00:00,2019-09-02T00:16:51.290+00:00,2019-09-02T00:16:51.290+00:00,,,,,0,0,0,0,0
u10401,u10401.csv,8930,8930,0,1,0,1,0,pay_only,0,0,2019-08-05T18:34:25.168+00:00,,,,,,,,0,0,0.0,0,0,0.0,2019-08-04T13:51:23.164+00:00,2019-09-10T00:55:07.546+00:00,2019-09-10T00:55:07.546+00:00,8901,19,34.7212464004617,117.29180185185263,0,0,0,0,0
u10403,u10403.csv,14,14,0,0,0,0,0,neither,0,0,,,,,,,,,0,0,0.0,0,0,0.0,2019-09-02T00:15:13.262+00:00,2019-09-02T00:17:32.382+00:00,2019-09-02T00:17:32.382+00:00,,,,,0,0,0,0,0
u10404,u10404.csv,158,158,0,1,0,1,0,pay_only,0,0,2019-09-06T16:31:50.167+00:00,,,,,,,,0,0,0.0,0,0,0.0,2019-09-17T09:34:37.997+00:00,2019-09-17T10:04:37.516+00:00,2019-09-17T10:04:37.516+00:00,157,1,0.020827766204321824,85.37692917824067,0,0,0,0,0
u10405,u10405.csv,12,12,0,0,0,0,0,neither,0,0,,,,,,,,,0,0,0.0,0,0,0.0,2019-09-02T00:16:26.828+00:00,2019-09-02T00:18:11.337+00:00,2019-09-02T00:18:11.337+00:00,,,,,0,0,0,0,0
u10407,u10407.csv,2109,2109,0,1,0,1,0,pay_only,0,0,2019-08-11T18:33:54.845+00:00,,,,,,,,0,0,0.0,0,0,0.0,2019-08-10T15:36:43.668+00:00,2019-09-03T03:22:20.687+00:00,2019-09-03T03:22:20.687+00:00,1739,12,21.95779063657478,111.29215281250025,0,0,0,0,0
u10409,u10409.csv,47,47,0,0,0,0,0,neither,0,0,,,,,,,,,0,0,0.0,0,0,0.0,2019-09-02T00:16:45.272+00:00,2019-09-02T00:47:00.109+00:00,2019-09-02T00:47:00.109+00:00,,,,,0,0,0,0,0
u10410,u10410.csv,29,29,0,0,0,0,0,neither,0,0,,,,,,,,,0,0,0.0,0,0,0.0,2019-09-02T00:15:53.834+00:00,2019-09-02T00:20:12.713+00:00,2019-09-02T00:20:12.713+00:00,,,,,0,0,0,0,0
u10411,u10411.csv,377,377,0,1,0,2,0,pay_only,0,0,2018-09-26T15:08:53.402+00:00,,,,,,,,0,0,0.0,0,0,0.0,2019-01-17T01:38:55.737+00:00,2019-04-16T02:14:57.527+00:00,2019-04-16T02:14:57.527+00:00,375,7,89.02502071759216,430.4345306250012,0,0,0,0,0
u10415,u10415.csv,3,3,0,0,0,0,0,neither,0,0,,,,,,,,,0,0,0.0,0,0,0.0,2019-09-02T00:17:20.221+00:00,2019-09-02T00:18:12.749+00:00,2019-09-02T00:18:12.749+00:00,,,,,0,0,0,0,0
u10416,u10416.csv,764,764,0,0,0,0,0,neither,0,0,,,,,,,,,0,0,0.0,0,0,0.0,2018-11-12T00:37:02.408+00:00,2019-08-23T08:22:58.896+00:00,2019-08-23T08:22:58.896+00:00,,,,,0,0,0,0,0
u1042,u1042.csv,41,41,0,0,0,0,0,neither,0,0,,,,,,,,,0,0,0.0,0,0,0.0,2019-07-04T13:44:43.559+00:00,2019-07-04T13:49:41.858+00:00,2019-07-04T13:49:41.858+00:00,,,,,0,0,0,0,0
u10420,u10420.csv,681,681,0,1,0,1,0,pay_only,0,0,2019-08-23T15:31:04.074+00:00,,,,,,,,0,0,0.0,0,0,0.0,2019-09-05T10:14:02.561+00:00,2019-09-20T09:13:29.763+00:00,2019-09-20T09:13:29.763+00:00,680,5,14.957953726850725,99.41912932870565,0,0,0,0,0
u10424,u10424.csv,75,75,0,0,0,0,0,neither,0,0,,,,,,,,,0,0,0.0,0,0,0.0,2019-09-02T00:19:53.528+00:00,2019-09-02T00:36:01.228+00:00,2019-09-02T00:36:01.228+00:00,,,,,0,0,0,0,0
u10426,u10426.csv,131,131,0,0,0,0,0,neither,0,0,,,,,,,,,0,0,0.0,0,0,0.0,2019-09-02T00:20:15.315+00:00,2019-09-04T04:14:31.763+00:00,2019-09-04T04:14:31.763+00:00,,,,,0,0,0,0,0
u10427,u10427.csv,3107,3107,0,0,0,0,0,neither,0,0,,,,,,,,,0,0,0.0,0,0,0.0,2019-03-26T07:45:57.267+00:00,2019-09-10T02:18:33.225+00:00,2019-09-10T02:18:33.225+00:00,,,,,0,0,0,0,0
u10428,u10428.csv,17547,17547,0,1,0,1,0,pay_only,0,0,2019-07-24T20:26:08.566+00:00,,,,,,,,0,0,0.0,0,0,0.0,2019-07-25T05:27:32.736+00:00,2019-09-19T11:50:19.322+00:00,2019-09-19T11:50:19.322+00:00,17546,21,56.265816967592194,129.2142162268526,0,0,0,0,0
u1043,u1043.csv,18018,18018,0,0,0,0,0,neither,0,0,,,,,,,,,0,0,0.0,0,0,0.0,2019-02-03T18:34:49.462+00:00,2019-07-09T06:59:51.997+00:00,2019-07-09T06:59:51.997+00:00,,,,,0,0,0,0,0
u10430,u10430.csv,392,392,0,0,0,0,0,neither,0,0,,,,,,,,,0,0,0.0,0,0,0.0,2019-07-23T03:28:25.635+00:00,2019-08-26T09:13:06.181+00:00,2019-08-26T09:13:06.181+00:00,,,,,0,0,0,0,0
u10432,u10432.csv,352,352,0,0,0,0,0,neither,0,0,,,,,,,,,0,0,0.0,0,0,0.0,2019-01-16T22:15:11.850+00:00,2019-09-02T00:22:26.219+00:00,2019-09-02T00:22:26.219+00:00,,,,,0,0,0,0,0
u10433,u10433.csv,1476,1476,0,0,0,0,0,neither,0,0,,,,,,,,,0,0,0.0,0,0,0.0,2019-01-09T02:30:55.035+00:00,2019-07-03T10:02:34.348+00:00,2019-07-03T10:02:34.348+00:00,,,,,0,0,0,0,0
u10434,u10434.csv,99,99,0,0,0,0,0,neither,0,0,,,,,,,,,0,0,0.0,0,0,0.0,2019-09-02T00:21:29.191+00:00,2019-09-02T00:30:17.255+00:00,2019-09-02T00:30:17.255+00:00,,,,,0,0,0,0,0
u10435,u10435.csv,482,482,0,1,0,1,0,pay_only,0,0,2019-08-22T08:03:14.557+00:00,,,,,,,,0,0,0.0,0,0,0.0,2019-08-22T16:45:42.101+00:00,2019-09-02T00:25:55.274+00:00,2019-09-02T00:25:55.274+00:00,481,4,10.31959690972059,100.73011910879778,0,0,0,0,0
u10436,u10436.csv,1848,1848,0,0,0,0,0,neither,0,0,,,,,,,,,0,0,0.0,0,0,0.0,2019-08-14T23:34:30.096+00:00,2019-09-28T02:10:19.498+00:00,2019-09-28T02:10:19.498+00:00,,,,,0,0,0,0,0
u10438,u10438.csv,209,209,0,1,0,1,0,pay_only,0,0,2019-09-02T03:50:24.993+00:00,,,,,,,,0,0,0.0,0,0,0.0,2019-09-09T23:19:10.658+00:00,2019-09-11T08:03:28.818+00:00,2019-09-11T08:03:28.818+00:00,208,3,1.3640990740750676,89.90569276620393,0,0,0,0,0
u1044,u1044.csv,503,503,0,1,0,1,0,pay_only,0,0,2019-07-07T00:17:09.072+00:00,,,,,,,,0,0,0.0,0,0,0.0,2019-07-06T04:59:39.081+00:00,2019-09-17T10:16:48.366+00:00,2019-09-17T10:16:48.366+00:00,464,20,72.02978174768388,147.05379370370397,0,0,0,0,0
u10442,u10442.csv,1563,1563,0,0,0,0,0,neither,0,0,,,,,,,,,0,0,0.0,0,0,0.0,2019-08-17T15:55:32.759+00:00,2019-08-30T03:31:26.932+00:00,2019-08-30T03:31:26.932+00:00,,,,,0,0,0,0,0
u10443,u10443.csv,53,53,0,0,0,0,0,neither,0,0,,,,,,,,,0,0,0.0,0,0,0.0,2019-09-02T00:23:57.107+00:00,2019-09-02T00:39:50.935+00:00,2019-09-02T00:39:50.935+00:00,,,,,0,0,0,0,0
u10444,u10444.csv,6412,6412,0,1,0,1,0,pay_only,0,0,2019-08-10T22:58:39.359+00:00,,,,,,,,0,0,0.0,0,0,0.0,2019-08-11T05:53:54.602+00:00,2019-09-17T13:38:42.280+00:00,2019-09-17T13:38:42.280+00:00,6411,17,37.32277405092562,112.10830427083428,0,0,0,0,0
u10445,u10445.csv,191,191,0,1,0,2,0,pay_only,0,0,2019-01-15T03:56:05.322+00:00,,,,,,,,0,0,0.0,0,0,0.0,2019-01-17T08:32:57.417+00:00,2019-01-17T09:04:02.310+00:00,2019-03-31T22:10:24.159+00:00,189,1,0.02158440972091975,319.9017537731484,0,0,0,0,0
u10447,u10447.csv,5568,5568,0,0,0,0,0,neither,0,0,,,,,,,,,0,0,0.0,0,0,0.0,2019-05-16T13:57:34.674+00:00,2019-10-23T11:00:55.271+00:00,2019-10-23T11:00:55.271+00:00,,,,,0,0,0,0,0
u10448,u10448.csv,48,48,0,1,0,1,0,pay_only,0,0,2019-07-17T22:04:16.918+00:00,,,,,,,,0,0,0.0,0,0,0.0,2019-08-04T04:34:30.107+00:00,2019-08-04T04:43:01.560+00:00,2019-08-04T04:43:01.560+00:00,47,1,0.005919594905442662,136.1460640046304,0,0,0,0,0
u1045,u1045.csv,454,454,0,1,0,1,0,pay_only,0,0,2019-07-06T14:03:35.965+00:00,,,,,,,,0,0,0.0,0,0,0.0,2019-07-04T23:01:53.246+00:00,2019-07-11T01:56:07.949+00:00,2019-07-11T01:56:07.949+00:00,417,5,3.6256299189809296,147.4798713310201,0,0,0,0,0
u10450,u10450.csv,2710,2710,0,1,0,2,0,pay_only,0,0,2019-07-29T00:44:56.500+00:00,,,,,,,,0,0,0.0,0,0,0.0,2019-07-26T05:05:22.930+00:00,2019-09-18T13:20:24.707+00:00,2019-12-01T01:34:36.848+00:00,2551,21,51.50662908564839,125.0344947685191,0,0,0,0,0
u10454,u10454.csv,676,676,0,0,0,0,0,neither,0,0,,,,,,,,,0,0,0.0,0,0,0.0,2019-08-31T14:04:42.938+00:00,2019-09-05T09:04:04.682+00:00,2019-09-05T09:04:04.682+00:00,,,,,0,0,0,0,0
u10455,u10455.csv,4563,4563,0,0,0,0,0,neither,0,0,,,,,,,,,0,0,0.0,0,0,0.0,2019-01-18T08:13:52.937+00:00,2019-03-13T10:41:58.599+00:00,2019-03-13T10:41:58.599+00:00,,,,,0,0,0,0,0
u10456,u10456.csv,34,34,0,0,0,0,0,neither,0,0,,,,,,,,,0,0,0.0,0,0,0.0,2019-09-02T00:26:34.451+00:00,2019-09-02T00:30:00.233+00:00,2019-09-02T00:30:00.233+00:00,,,,,0,0,0,0,0
u10459,u10459.csv,1547,1547,0,1,0,1,0,pay_only,0,0,2019-08-29T17:32:30.612+00:00,,,,,,,,0,0,0.0,0,0,0.0,2019-08-30T02:14:02.891+00:00,2019-11-14T00:15:36.981+00:00,2019-11-14T00:15:36.981+00:00,1546,9,75.9177556712953,93.33479439814886,0,0,0,0,0
u1046,u1046.csv,4236,4236,0,1,0,1,0,pay_only,0,0,2019-07-01T15:03:22.428+00:00,,,,,,,,0,0,0.0,0,0,0.0,2019-07-01T21:40:13.529+00:00,2019-08-24T14:23:06.944+00:00,2019-08-24T14:23:06.944+00:00,4235,28,53.69645156249956,152.43836134259348,0,0,0,0,0
u10460,u10460.csv,365,365,0,1,0,1,0,pay_only,0,0,2019-07-20T20:46:57.287+00:00,,,,,,,,0,0,0.0,0,0,0.0,2019-07-20T13:33:18.000+00:00,2019-07-21T14:18:51.062+00:00,2019-07-21T14:18:51.062+00:00,335,1,0.5193225925940055,133.19976343750125,0,0,0,0,0
u10464,u10464.csv,33284,33284,0,1,0,1,0,pay_only,0,0,2019-03-30T07:20:07.527+00:00,,,,,,,,0,0,0.0,0,0,0.0,2019-03-30T16:34:07.617+00:00,2019-11-26T06:54:07.756+00:00,2019-11-26T06:54:07.756+00:00,33283,225,240.5972238310178,245.76006158564928,0,0,0,0,0
u10465,u10465.csv,1323,1323,0,0,0,0,0,neither,0,0,,,,,,,,,0,0,0.0,0,0,0.0,2019-08-31T13:58:39.015+00:00,2019-09-27T07:09:42.905+00:00,2019-09-27T07:09:42.905+00:00,,,,,0,0,0,0,0
u10468,u10468.csv,27,27,0,0,0,0,0,neither,0,0,,,,,,,,,0,0,0.0,0,0,0.0,2019-09-02T00:28:55.948+00:00,2019-09-02T00:32:02.964+00:00,2019-09-02T00:32:02.964+00:00,,,,,0,0,0,0,0
u1047,u1047.csv,388,388,0,1,0,1,0,pay_only,0,0,2019-07-06T20:16:22.063+00:00,,,,,,,,0,0,0.0,0,0,0.0,2019-01-22T17:37:39.592+00:00,2019-08-15T12:50:33.284+00:00,2019-08-15T12:50:33.284+00:00,296,4,37.13201777777738,147.2210044560195,0,0,0,0,0
u10471,u10471.csv,12643,12643,0,1,0,1,0,pay_only,0,0,2019-01-14T18:06:46.639+00:00,,,,,,,,0,0,0.0,0,0,0.0,2019-01-10T01:37:55.494+00:00,2019-09-16T05:56:16.421+00:00,2019-09-16T05:56:16.421+00:00,10404,72,244.16507798611013,320.3109977893531,0,0,0,0,0
u10472,u10472.csv,35,35,0,1,0,1,0,pay_only,0,0,2019-05-27T04:06:25.909+00:00,,,,,,,,0,0,0.0,0,0,0.0,2019-09-28T19:27:22.173+00:00,2019-09-29T11:19:38.886+00:00,2019-09-29T11:19:38.886+00:00,34,2,0.661304548609036,187.89457105324223,0,0,0,0,0
u10476,u10476.csv,12,12,0,0,0,0,0,neither,0,0,,,,,,,,,0,0,0.0,0,0,0.0,2019-03-23T12:39:01.318+00:00,2019-03-23T12:41:35.612+00:00,2019-03-23T12:41:35.612+00:00,,,,,0,0,0,0,0
u10477,u10477.csv,5284,5284,0,1,0,1,0,pay_only,0,0,2019-08-20T20:20:03.373+00:00,,,,,,,,0,0,0.0,0,0,0.0,2019-08-20T06:04:48.850+00:00,2019-10-03T12:03:55.990+00:00,2019-10-03T12:03:55.990+00:00,5052,35,43.270872175925305,102.21844299768684,0,0,0,0,0
u10478,u10478.csv,9733,9733,0,1,0,1,0,pay_only,0,0,2019-03-26T14:19:20.959+00:00,,,,,,,,0,0,0.0,0,0,0.0,2019-03-26T23:10:46.101+00:00,2019-09-24T00:28:58.684+00:00,2019-09-24T00:28:58.684+00:00,9732,132,181.0543123032401,249.46893390046225,0,0,0,0,0
u1048,u1048.csv,341,341,0,1,0,1,0,pay_only,0,0,2019-07-01T06:08:17.387+00:00,,,,,,,,0,0,0.0,0,0,0.0,2019-07-01T23:20:57.372+00:00,2019-07-21T23:23:15.397+00:00,2019-07-21T23:23:15.397+00:00,340,7,20.001597511575177,152.8099474652774,0,0,0,0,0
u10480,u10480.csv,7914,7914,0,0,0,0,0,neither,0,0,,,,,,,,,0,0,0.0,0,0,0.0,2019-02-21T17:06:15.000+00:00,2019-10-31T07:18:43.272+00:00,2019-10-31T07:18:43.272+00:00,,,,,0,0,0,0,0
u10483,u10483.csv,13485,13485,0,0,0,0,0,neither,0,0,,,,,,,,,0,0,0.0,0,0,0.0,2019-07-11T00:44:49.563+00:00,2019-11-12T00:13:17.341+00:00,2019-11-12T00:13:17.341+00:00,,,,,0,0,0,0,0
u10485,u10485.csv,31,31,0,0,0,0,0,neither,0,0,,,,,,,,,0,0,0.0,0,0,0.0,2019-09-02T00:31:17.266+00:00,2019-09-02T00:34:46.743+00:00,2019-09-02T00:34:46.743+00:00,,,,,0,0,0,0,0
u10486,u10486.csv,3635,3635,0,0,0,0,0,neither,0,0,,,,,,,,,0,0,0.0,0,0,0.0,2019-04-02T07:25:35.666+00:00,2019-08-16T00:32:40.348+00:00,2019-08-16T00:32:40.348+00:00,,,,,0,0,0,0,0
u10487,u10487.csv,2778,2778,0,0,0,0,0,neither,0,0,,,,,,,,,0,0,0.0,0,0,0.0,2019-07-13T10:02:56.622+00:00,2019-09-20T16:46:06.035+00:00,2019-09-20T16:46:06.035+00:00,,,,,0,0,0,0,0
u10488,u10488.csv,317,317,0,0,0,0,0,neither,0,0,,,,,,,,,0,0,0.0,0,0,0.0,2019-08-23T13:52:30.873+00:00,2019-09-07T12:03:28.196+00:00,2019-09-07T12:03:28.196+00:00,,,,,0,0,0,0,0
u1049,u1049.csv,319,319,0,0,0,0,0,neither,0,0,,,,,,,,,0,0,0.0,0,0,0.0,2019-07-04T02:51:00.365+00:00,2019-07-13T12:44:09.778+00:00,2019-07-13T12:44:09.778+00:00,,,,,0,0,0,0,0
u10490,u10490.csv,96,96,0,1,0,1,0,pay_only,0,0,2019-09-02T05:22:02.833+00:00,,,,,,,,0,0,0.0,0,0,0.0,2019-09-02T00:32:41.217+00:00,2019-11-07T11:00:03.057+00:00,2019-11-07T11:00:03.057+00:00,55,4,50.03961075231433,89.84206035879751,0,0,0,0,0
u10491,u10491.csv,4872,4872,0,1,0,2,0,pay_only,0,0,2019-07-16T17:08:44.919+00:00,,,,,,,,0,0,0.0,0,0,0.0,2019-07-28T14:01:47.185+00:00,2019-11-25T07:43:59.419+00:00,2019-11-25T07:43:59.419+00:00,4870,41,119.73764159722185,137.35129547453866,0,0,0,0,0
u10492,u10492.csv,906,906,0,1,0,2,0,pay_only,0,0,2019-06-06T20:02:12.239+00:00,,,,,,,,0,0,0.0,0,0,0.0,2019-09-26T08:05:12.026+00:00,2019-09-28T10:23:12.997+00:00,2019-09-28T10:23:12.997+00:00,904,3,2.0958445717587515,177.23084038194406,0,0,0,0,0
u10493,u10493.csv,77,77,0,0,0,0,0,neither,0,0,,,,,,,,,0,0,0.0,0,0,0.0,2019-09-02T00:34:05.060+00:00,2019-09-02T00:45:17.010+00:00,2019-09-02T00:45:17.010+00:00,,,,,0,0,0,0,0
u10494,u10494.csv,300,300,0,0,0,0,0,neither,0,0,,,,,,,,,0,0,0.0,0,0,0.0,2019-03-11T18:54:20.614+00:00,2019-10-11T09:28:02.084+00:00,2019-10-11T09:28:02.084+00:00,,,,,0,0,0,0,0
u10496,u10496.csv,242,242,0,1,0,1,0,pay_only,0,0,2019-07-18T21:48:52.264+00:00,,,,,,,,0,0,0.0,0,0,0.0,2019-07-19T06:40:54.276+00:00,2019-09-06T00:52:58.660+00:00,2019-09-06T00:52:58.660+00:00,241,3,48.758384074074804,135.1567660185198,0,0,0,0,0
u10497,u10497.csv,1728,1728,0,1,0,1,0,pay_only,0,0,2019-07-16T15:43:34.698+00:00,,,,,,,,0,0,0.0,0,0,0.0,2019-07-17T00:23:21.259+00:00,2019-09-05T01:43:39.930+00:00,2019-09-05T01:43:39.930+00:00,1727,11,50.055771655092634,137.41044155092703,0,0,0,0,0
u10499,u10499.csv,2235,2235,0,0,0,0,0,neither,0,0,,,,,,,,,0,0,0.0,0,0,0.0,2019-01-02T09:45:01.259+00:00,2019-09-07T13:18:49.794+00:00,2019-09-07T13:18:49.794+00:00,,,,,0,0,0,0,0
u105,u105.csv,23,23,0,0,0,0,0,neither,0,0,,,,,,,,,0,0,0.0,0,0,0.0,2019-06-26T10:51:31.663+00:00,2019-06-26T10:54:14.862+00:00,2019-06-26T10:54:14.862+00:00,,,,,0,0,0,0,0
u1050,u1050.csv,2373,2373,0,0,0,0,0,neither,0,0,,,,,,,,,0,0,0.0,0,0,0.0,2019-07-09T00:30:05.590+00:00,2019-07-13T13:34:25.741+00:00,2019-07-13T13:34:25.741+00:00,,,,,0,0,0,0,0
u10500,u10500.csv,3762,3762,0,0,0,0,0,neither,0,0,,,,,,,,,0,0,0.0,0,0,0.0,2019-08-15T11:47:56.781+00:00,2019-11-24T23:52:19.587+00:00,2019-11-24T23:52:19.587+00:00,,,,,0,0,0,0,0
u10502,u10502.csv,1246,1246,0,1,0,1,0,pay_only,0,0,2019-08-26T05:18:06.239+00:00,,,,,,,,0,0,0.0,0,0,0.0,2019-08-23T14:13:51.836+00:00,2019-10-13T00:44:08.499+00:00,2019-10-13T00:44:08.499+00:00,1215,18,47.43273575231433,96.8447987152774,0,0,0,0,0
u10506,u10506.csv,8245,8245,0,1,0,1,0,pay_only,0,0,2019-08-19T22:41:27.070+00:00,,,,,,,,0,0,0.0,0,0,0.0,2019-08-29T01:35:05.600+00:00,2019-10-24T00:49:00.716+00:00,2019-10-24T00:49:00.716+00:00,8244,41,55.96799902777981,103.12025206018653,0,0,0,0,0
u10507,u10507.csv,2587,2587,0,0,0,0,0,neither,0,0,,,,,,,,,0,0,0.0,0,0,0.0,2018-12-20T12:57:56.369+00:00,2019-10-02T06:59:01.900+00:00,2019-10-02T06:59:01.900+00:00,,,,,0,0,0,0,0
u10508,u10508.csv,4760,4760,0,0,0,0,0,neither,0,0,,,,,,,,,0,0,0.0,0,0,0.0,2019-03-05T11:18:37.778+00:00,2019-09-28T02:33:22.632+00:00,2019-09-28T02:33:22.632+00:00,,,,,0,0,0,0,0
u10509,u10509.csv,9238,9238,0,0,0,0,0,neither,0,0,,,,,,,,,0,0,0.0,0,0,0.0,2019-07-24T06:46:54.113+00:00,2019-10-30T00:34:29.213+00:00,2019-10-30T00:34:29.213+00:00,,,,,0,0,0,0,0
u1051,u1051.csv,261,261,0,0,0,0,0,neither,0,0,,,,,,,,,0,0,0.0,0,0,0.0,2019-05-22T01:06:55.465+00:00,2019-08-30T05:09:34.821+00:00,2019-08-30T05:09:34.821+00:00,,,,,0,0,0,0,0
u10514,u10514.csv,9664,9664,0,0,0,0,0,neither,0,0,,,,,,,,,0,0,0.0,0,0,0.0,2019-06-13T13:06:46.989+00:00,2019-11-23T08:08:41.515+00:00,2019-11-23T08:08:41.515+00:00,,,,,0,0,0,0,0
u10515,u10515.csv,12,12,0,1,0,1,0,pay_only,0,0,2019-08-02T00:34:06.306+00:00,,,,,,,,0,0,0.0,0,0,0.0,2019-08-08T14:49:39.621+00:00,2019-08-08T14:55:18.439+00:00,2019-08-08T14:55:18.439+00:00,11,1,0.003921504627775263,121.04202016203767,0,0,0,0,0
u10516,u10516.csv,2616,2616,0,1,0,1,0,pay_only,0,0,2019-07-13T19:45:12.401+00:00,,,,,,,,0,0,0.0,0,0,0.0,2018-11-24T13:12:09.055+00:00,2019-11-15T04:54:12.287+00:00,2019-11-15T04:54:12.287+00:00,1996,25,124.00335512731363,140.24264406250032,0,0,0,0,0
u10517,u10517.csv,244,244,0,1,0,2,0,pay_only,0,0,2019-05-14T03:17:50.988+00:00,,,,,,,,0,0,0.0,0,0,0.0,2019-09-05T08:05:04.076+00:00,2019-09-13T06:12:54.958+00:00,2019-09-13T06:12:54.958+00:00,242,2,7.9221166898144615,200.92830856481635,0,0,0,0,0
u10518,u10518.csv,5887,5887,0,0,0,0,0,neither,0,0,,,,,,,,,0,0,0.0,0,0,0.0,2019-01-07T13:17:59.759+00:00,2019-11-18T23:56:59.067+00:00,2019-11-18T23:56:59.067+00:00,,,,,0,0,0,0,0
u1052,u1052.csv,113,113,0,1,0,1,0,pay_only,0,0,2019-08-04T21:22:10.919+00:00,,,,,,,,0,0,0.0,0,0,0.0,2019-07-04T07:08:21.331+00:00,2019-08-07T07:03:51.591+00:00,2019-08-07T07:03:51.591+00:00,62,3,1.9879861226871058,118.17530010416827,0,0,0,0,0
u10520,u10520.csv,178,178,0,1,0,1,0,pay_only,0,0,2019-09-01T15:52:23.845+00:00,,,,,,,,0,0,0.0,0,0,0.0,2019-09-02T00:38:51.427+00:00,2019-10-03T04:36:59.986+00:00,2019-10-03T04:36:59.986+00:00,177,4,31.165376840277954,90.4043171643521,0,0,0,0,0
u10521,u10521.csv,27,27,0,0,0,0,0,neither,0,0,,,,,,,,,0,0,0.0,0,0,0.0,2019-09-02T00:38:23.968+00:00,2019-09-02T00:41:28.667+00:00,2019-09-02T00:41:28.667+00:00,,,,,0,0,0,0,0
u10523,u10523.csv,1244,1244,0,0,0,0,0,neither,0,0,,,,,,,,,0,0,0.0,0,0,0.0,2019-08-08T03:47:37.200+00:00,2019-08-29T14:44:54.424+00:00,2019-08-29T14:44:54.424+00:00,,,,,0,0,0,0,0
u10525,u10525.csv,8976,8976,0,1,0,1,0,pay_only,0,0,2019-06-18T05:26:34.494+00:00,,,,,,,,0,0,0.0,0,0,0.0,2019-06-17T15:30:22.077+00:00,2019-10-13T16:39:45.286+00:00,2019-10-13T16:39:45.286+00:00,8894,82,117.08852819444405,165.83891613426033,0,0,0,0,0
u10527,u10527.csv,2250,2250,0,0,0,0,0,neither,0,0,,,,,,,,,0,0,0.0,0,0,0.0,2019-06-25T01:27:57.533+00:00,2019-07-24T23:56:53.453+00:00,2019-07-24T23:56:53.453+00:00,,,,,0,0,0,0,0
u10529,u10529.csv,357,357,0,0,0,0,0,neither,0,0,,,,,,,,,0,0,0.0,0,0,0.0,2019-09-02T00:39:13.646+00:00,2019-09-03T03:15:40.751+00:00,2019-09-03T03:15:40.751+00:00,,,,,0,0,0,0,0
u1053,u1053.csv,570,570,0,0,0,0,0,neither,0,0,,,,,,,,,0,0,0.0,0,0,0.0,2019-06-30T04:17:27.798+00:00,2019-07-10T23:46:55.915+00:00,2019-07-10T23:46:55.915+00:00,,,,,0,0,0,0,0
u10530,u10530.csv,163,163,0,1,0,2,0,pay_only,0,0,2019-07-23T05:18:18.788+00:00,,,,,,,,0,0,0.0,0,0,0.0,2019-07-29T06:29:39.350+00:00,2019-08-22T16:42:20.428+00:00,2019-08-22T16:42:20.428+00:00,161,2,24.42547543981561,130.84465347222155,0,0,0,0,0
u10531,u10531.csv,3540,3540,0,0,0,0,0,neither,0,0,,,,,,,,,0,0,0.0,0,0,0.0,2019-07-24T00:40:18.337+00:00,2019-10-29T07:13:44.882+00:00,2019-10-29T07:13:44.882+00:00,,,,,0,0,0,0,0
u10533,u10533.csv,36,36,0,1,0,1,0,pay_only,0,0,2019-09-01T16:16:43.674+00:00,,,,,,,,0,0,0.0,0,0,0.0,2019-09-02T00:39:52.900+00:00,2019-09-02T01:23:38.117+00:00,2019-09-02T01:23:38.117+00:00,35,1,0.03038445601860682,90.38742099537066,0,0,0,0,0
u10535,u10535.csv,6212,6212,0,1,0,1,0,pay_only,0,0,2019-09-04T21:05:35.862+00:00,,,,,,,,0,0,0.0,0,0,0.0,2019-08-29T07:37:10.132+00:00,2019-09-28T05:21:08.385+00:00,2019-09-28T05:21:08.385+00:00,5064,12,22.964668819443496,87.1868169675933,0,0,0,0,0
u10537,u10537.csv,9415,9415,0,1,0,1,0,pay_only,0,0,2019-06-20T03:10:15.951+00:00,,,,,,,,0,0,0.0,0,0,0.0,2019-06-20T12:10:25.375+00:00,2019-09-10T13:19:28.069+00:00,2019-09-10T13:19:28.069+00:00,9414,23,82.04794784722229,163.93357519676013,0,0,0,0,0
u10538,u10538.csv,816,816,0,0,0,0,0,neither,0,0,,,,,,,,,0,0,0.0,0,0,0.0,2019-07-03T03:24:50.243+00:00,2019-07-08T15:42:15.701+00:00,2019-07-08T15:42:15.701+00:00,,,,,0,0,0,0,0
u1054,u1054.csv,31,31,0,1,0,1,0,pay_only,0,0,2019-07-29T19:35:29.747+00:00,,,,,,,,0,0,0.0,0,0,0.0,2019-07-09T00:57:31.372+00:00,2019-09-05T11:13:40.079+00:00,2019-09-05T11:13:40.079+00:00,22,1,0.012372418981459406,124.24938774305637,0,0,0,0,0
u10540,u10540.csv,492,492,0,1,0,1,0,pay_only,0,0,2019-07-25T20:20:01.200+00:00,,,,,,,,0,0,0.0,0,0,0.0,2019-07-22T14:46:44.823+00:00,2019-09-05T00:00:34.246+00:00,2019-09-05T00:00:34.246+00:00,455,8,38.64007700231616,128.21846814814816,0,0,0,0,0
u10541,u10541.csv,18,18,0,0,0,0,0,neither,0,0,,,,,,,,,0,0,0.0,0,0,0.0,2019-09-02T00:40:56.369+00:00,2019-09-02T00:42:53.413+00:00,2019-09-02T00:42:53.413+00:00,,,,,0,0,0,0,0
u10543,u10543.csv,158,158,0,1,0,1,0,pay_only,0,0,2019-08-21T16:20:04.121+00:00,,,,,,,,0,0,0.0,0,0,0.0,2019-08-22T00:50:31.795+00:00,2019-08-22T14:56:28.726+00:00,2019-08-22T14:56:28.726+00:00,157,1,0.5874644791666004,101.38510100694442,0,0,0,0,0
u1055,u1055.csv,27,27,0,0,0,0,0,neither,0,0,,,,,,,,,0,0,0.0,0,0,0.0,2019-07-05T06:42:08.274+00:00,2019-07-05T06:45:15.590+00:00,2019-07-05T06:45:15.590+00:00,,,,,0,0,0,0,0
u10551,u10551.csv,7131,7131,0,1,0,1,0,pay_only,0,0,2019-08-11T14:40:56.613+00:00,,,,,,,,0,0,0.0,0,0,0.0,2019-07-01T00:23:46.771+00:00,2019-09-27T07:15:42.705+00:00,2019-09-27T07:15:42.705+00:00,7073,35,46.23319304398088,111.45393790509414,0,0,0,0,0
u10553,u10553.csv,4444,4444,0,0,0,0,0,neither,0,0,,,,,,,,,0,0,0.0,0,0,0.0,2019-06-03T08:51:53.316+00:00,2019-08-30T03:38:57.702+00:00,2019-08-30T03:38:57.702+00:00,,,,,0,0,0,0,0
u10554,u10554.csv,7537,7537,0,0,0,0,0,neither,0,0,,,,,,,,,0,0,0.0,0,0,0.0,2018-11-26T19:31:24.685+00:00,2019-06-28T10:16:42.536+00:00,2019-06-28T10:16:42.536+00:00,,,,,0,0,0,0,0
u10555,u10555.csv,413,413,0,1,0,1,0,pay_only,0,0,2019-08-06T07:15:54.471+00:00,,,,,,,,0,0,0.0,0,0,0.0,2019-08-09T06:17:04.517+00:00,2019-08-22T11:41:06.884+00:00,2019-08-22T11:41:06.884+00:00,412,2,13.225027395834525,116.76299047453811,0,0,0,0,0
u10556,u10556.csv,18,18,0,0,0,0,0,neither,0,0,,,,,,,,,0,0,0.0,0,0,0.0,2019-09-02T00:45:52.729+00:00,2019-09-02T00:48:56.571+00:00,2019-09-02T00:48:56.571+00:00,,,,,0,0,0,0,0
u10558,u10558.csv,32,32,0,0,0,0,0,neither,0,0,,,,,,,,,0,0,0.0,0,0,0.0,2019-09-02T00:46:06.363+00:00,2019-09-02T00:50:19.536+00:00,2019-09-02T00:50:19.536+00:00,,,,,0,0,0,0,0
u10559,u10559.csv,12834,12834,0,0,0,0,0,neither,0,0,,,,,,,,,0,0,0.0,0,0,0.0,2019-01-16T15:33:02.366+00:00,2019-08-27T10:00:00.956+00:00,2019-08-27T10:00:00.956+00:00,,,,,0,0,0,0,0
u1056,u1056.csv,14519,14519,0,1,0,1,0,pay_only,0,0,2019-08-27T15:54:54.312+00:00,,,,,,,,0,0,0.0,0,0,0.0,2019-07-05T03:55:20.572+00:00,2019-11-08T12:12:18.177+00:00,2019-11-08T12:12:18.177+00:00,13732,55,72.18690166666828,95.4025756481483,0,0,0,0,0
u10560,u10560.csv,597,597,0,0,0,0,0,neither,0,0,,,,,,,,,0,0,0.0,0,0,0.0,2018-12-29T11:07:07.264+00:00,2019-09-02T00:54:11.186+00:00,2019-09-02T00:54:11.186+00:00,,,,,0,0,0,0,0
u10563,u10563.csv,10775,10775,0,0,0,0,0,neither,0,0,,,,,,,,,0,0,0.0,0,0,0.0,2019-01-09T05:20:32.064+00:00,2019-04-10T16:48:50.825+00:00,2019-04-10T16:48:50.825+00:00,,,,,0,0,0,0,0
u10565,u10565.csv,16121,16121,0,1,0,1,0,pay_only,0,0,2019-07-17T21:42:09.080+00:00,,,,,,,,0,0,0.0,0,0,0.0,2019-07-12T10:46:53.533+00:00,2019-08-23T07:43:04.156+00:00,2019-08-23T07:43:04.156+00:00,14417,27,36.093365821758354,136.16143250000147,0,0,0,0,0
u10566,u10566.csv,7577,7577,0,0,0,0,0,neither,0,0,,,,,,,,,0,0,0.0,0,0,0.0,2019-02-21T02:22:27.756+00:00,2019-08-27T01:42:05.333+00:00,2019-08-27T01:42:05.333+00:00,,,,,0,0,0,0,0
u10567,u10567.csv,24,24,0,0,0,0,0,neither,0,0,,,,,,,,,0,0,0.0,0,0,0.0,2019-09-02T00:46:19.461+00:00,2019-09-02T00:49:27.626+00:00,2019-09-02T00:49:27.626+00:00,,,,,0,0,0,0,0
u10569,u10569.csv,998,998,0,1,0,1,0,pay_only,0,0,2019-09-02T04:30:11.021+00:00,,,,,,,,0,0,0.0,0,0,0.0,2019-07-16T14:44:34.038+00:00,2019-09-24T04:59:55.942+00:00,2019-09-24T04:59:55.942+00:00,647,9,21.68658564814815,89.87807670139053,0,0,0,0,0
u1057,u1057.csv,184,184,0,0,0,0,0,neither,0,0,,,,,,,,,0,0,0.0,0,0,0.0,2019-07-01T13:43:51.609+00:00,2019-07-01T14:11:26.111+00:00,2019-07-01T14:11:26.111+00:00,,,,,0,0,0,0,0
u10572,u10572.csv,2095,2095,0,1,0,2,0,pay_only,0,0,2018-11-18T03:11:53.685+00:00,,,,,,,,0,0,0.0,0,0,0.0,2018-11-17T07:59:35.960+00:00,2019-11-14T05:56:15.144+00:00,2019-11-14T05:56:15.144+00:00,2048,32,352.9957615856495,377.93244401620495,0,0,0,0,0
u10573,u10573.csv,2014,2014,0,1,0,1,0,pay_only,0,0,2019-05-05T18:44:50.453+00:00,,,,,,,,0,0,0.0,0,0,0.0,2019-07-15T05:13:49.390+00:00,2019-10-01T22:26:50.472+00:00,2019-10-01T22:26:50.472+00:00,2013,16,78.7173736342567,209.28456475694423,0,0,0,0,0
u10574,u10574.csv,9715,9715,0,1,0,1,0,pay_only,0,0,2019-04-21T16:57:59.865+00:00,,,,,,,,0,0,0.0,0,0,0.0,2018-10-16T16:07:04.444+00:00,2019-11-26T05:48:21.809+00:00,2019-11-26T05:48:21.809+00:00,9020,101,218.04588516203617,223.3587613773153,0,0,0,0,0
u10577,u10577.csv,13476,13476,0,1,1,2,1,pay_then_refund,1,1,2019-08-18T03:16:27.981+00:00,2019-08-25T15:09:24.969+00:00,2019-08-18T03:16:27.981+00:00,2019-08-25T15:09:24.969+00:00,179.88249666670959,7.495104027779566,2019-08-11T06:37:14.516+00:00,2019-08-25T06:51:06.912+00:00,3593,13,14.009634212961902,910,7,7.133928402778175,2019-08-11T06:37:14.516+00:00,2019-11-24T11:25:45.702+00:00,2019-11-25T01:30:10.796+00:00,,,,104.92926929398267,0,0,0,0,0
u10578,u10578.csv,257,257,0,1,0,1,0,pay_only,0,0,2019-09-01T15:54:47.084+00:00,,,,,,,,0,0,0.0,0,0,0.0,2019-09-02T00:48:49.223+00:00,2019-09-02T04:02:53.827+00:00,2019-09-02T04:02:53.827+00:00,256,1,0.13477550925755943,90.40265930555485,0,0,0,0,0
u1058,u1058.csv,2441,2441,0,1,0,1,0,pay_only,0,0,2019-07-08T18:12:06.298+00:00,,,,,,,,0,0,0.0,0,0,0.0,2018-12-28T15:13:57.769+00:00,2019-07-31T08:28:10.227+00:00,2019-07-31T08:28:10.227+00:00,850,11,22.214512939814615,145.30729803240686,0,0,0,0,0
u10580,u10580.csv,6873,6873,0,0,0,0,0,neither,0,0,,,,,,,,,0,0,0.0,0,0,0.0,2019-08-15T18:44:05.432+00:00,2019-09-27T07:35:23.356+00:00,2019-09-27T07:35:23.356+00:00,,,,,0,0,0,0,0
u10581,u10581.csv,10798,10798,0,1,0,1,0,pay_only,0,0,2019-08-23T21:36:39.805+00:00,,,,,,,,0,0,0.0,0,0,0.0,2018-11-11T14:09:21.894+00:00,2019-11-09T11:11:07.486+00:00,2019-11-09T11:11:07.486+00:00,5459,14,77.21655922453712,99.16524355324054,0,0,0,0,0
u10587,u10587.csv,391,391,0,1,0,1,0,pay_only,0,0,2019-06-26T19:16:21.226+00:00,,,,,,,,0,0,0.0,0,0,0.0,2019-06-27T03:10:12.064+00:00,2019-07-02T09:59:52.713+00:00,2019-07-02T09:59:52.713+00:00,390,6,5.284498252316758,157.26268081018495,0,0,0,0,0
u1059,u1059.csv,2011,2011,0,0,0,0,0,neither,0,0,,,,,,,,,0,0,0.0,0,0,0.0,2018-11-29T17:42:44.082+00:00,2019-07-13T23:06:06.701+00:00,2019-07-13T23:06:06.701+00:00,,,,,0,0,0,0,0
u10591,u10591.csv,2175,2175,0,0,0,0,0,neither,0,0,,,,,,,,,0,0,0.0,0,0,0.0,2019-03-04T04:41:33.073+00:00,2019-11-26T06:40:13.734+00:00,2019-11-26T06:40:13.734+00:00,,,,,0,0,0,0,0
u10592,u10592.csv,444,444,0,1,0,1,0,pay_only,0,0,2019-09-01T15:21:56.371+00:00,,,,,,,,0,0,0.0,0,0,0.0,2019-07-01T23:22:46.824+00:00,2019-09-09T01:31:19.549+00:00,2019-09-09T01:31:19.549+00:00,400,5,6.963797210648104,90.42546848379628,0,0,0,0,0
u10593,u10593.csv,4734,4734,0,1,0,1,0,pay_only,0,0,2019-08-05T21:33:58.456+00:00,,,,,,,,0,0,0.0,0,0,0.0,2019-08-06T06:17:36.387+00:00,2019-08-18T07:31:16.332+00:00,2019-08-18T07:31:16.332+00:00,4733,12,12.051156770832561,117.16711101851806,0,0,0,0,0
u10594,u10594.csv,433,433,0,0,0,0,0,neither,0,0,,,,,,,,,0,0,0.0,0,0,0.0,2019-08-27T07:28:43.463+00:00,2019-08-28T02:21:39.461+00:00,2019-08-28T02:21:39.461+00:00,,,,,0,0,0,0,0
u10598,u10598.csv,33,33,0,0,0,0,0,neither,0,0,,,,,,,,,0,0,0.0,0,0,0.0,2019-09-02T00:52:31.434+00:00,2019-09-02T00:56:15.222+00:00,2019-09-02T00:56:15.222+00:00,,,,,0,0,0,0,0
u10599,u10599.csv,7715,7715,0,0,0,0,0,neither,0,0,,,,,,,,,0,0,0.0,0,0,0.0,2019-07-29T14:10:57.797+00:00,2019-11-26T06:32:03.921+00:00,2019-11-26T06:32:03.921+00:00,,,,,0,0,0,0,0
u106,u106.csv,34,34,0,0,0,0,0,neither,0,0,,,,,,,,,0,0,0.0,0,0,0.0,2019-06-26T10:53:57.358+00:00,2019-06-26T11:04:17.590+00:00,2019-06-26T11:04:17.590+00:00,,,,,0,0,0,0,0
u1060,u1060.csv,34,34,0,0,0,0,0,neither,0,0,,,,,,,,,0,0,0.0,0,0,0.0,2019-04-01T00:17:16.533+00:00,2019-07-09T03:45:57.492+00:00,2019-07-09T03:45:57.492+00:00,,,,,0,0,0,0,0
u10601,u10601.csv,540,540,0,0,0,0,0,neither,0,0,,,,,,,,,0,0,0.0,0,0,0.0,2019-09-19T04:52:58.495+00:00,2019-09-26T02:38:14.650+00:00,2019-09-26T02:38:14.650+00:00,,,,,0,0,0,0,0
u10604,u10604.csv,23,23,0,0,0,0,0,neither,0,0,,,,,,,,,0,0,0.0,0,0,0.0,2019-09-02T00:53:35.453+00:00,2019-09-02T00:56:56.200+00:00,2019-09-02T00:56:56.200+00:00,,,,,0,0,0,0,0
u10607,u10607.csv,16711,16711,0,0,0,0,0,neither,0,0,,,,,,,,,0,0,0.0,0,0,0.0,2019-04-28T23:07:53.315+00:00,2019-11-27T00:25:31.528+00:00,2019-11-27T00:25:31.528+00:00,,,,,0,0,0,0,0
u10608,u10608.csv,4203,4203,0,0,0,0,0,neither,0,0,,,,,,,,,0,0,0.0,0,0,0.0,2019-01-29T10:43:02.743+00:00,2019-08-30T22:50:45.216+00:00,2019-08-30T22:50:45.216+00:00,,,,,0,0,0,0,0
u10609,u10609.csv,19417,19417,0,0,0,0,0,neither,0,0,,,,,,,,,0,0,0.0,0,0,0.0,2019-07-11T15:33:12.086+00:00,2019-11-27T04:23:18.687+00:00,2019-11-27T04:23:18.687+00:00,,,,,0,0,0,0,0
u1061,u1061.csv,676,676,0,1,0,1,0,pay_only,0,0,2019-06-20T14:56:40.290+00:00,,,,,,,,0,0,0.0,0,0,0.0,2019-06-20T23:57:49.228+00:00,2019-09-06T12:18:58.600+00:00,2019-09-06T12:18:58.600+00:00,675,7,77.51469180555532,163.4430157175936,0,0,0,0,0
u10610,u10610.csv,124,124,0,0,0,0,0,neither,0,0,,,,,,,,,0,0,0.0,0,0,0.0,2019-09-02T00:54:10.909+00:00,2019-09-02T01:16:16.448+00:00,2019-09-02T01:16:16.448+00:00,,,,,0,0,0,0,0
u10613,u10613.csv,4598,4598,0,0,0,0,0,neither,0,0,,,,,,,,,0,0,0.0,0,0,0.0,2019-06-06T02:13:36.950+00:00,2019-08-30T03:01:11.394+00:00,2019-08-30T03:01:11.394+00:00,,,,,0,0,0,0,0
u10617,u10617.csv,2860,2860,0,0,0,0,0,neither,0,0,,,,,,,,,0,0,0.0,0,0,0.0,2019-01-31T02:28:14.795+00:00,2019-09-24T23:23:51.194+00:00,2019-09-24T23:23:51.194+00:00,,,,,0,0,0,0,0
u10618,u10618.csv,363,363,0,1,0,1,0,pay_only,0,0,2019-10-30T20:09:04.940+00:00,,,,,,,,0,0,0.0,0,0,0.0,2019-07-31T10:44:32.914+00:00,2019-11-01T10:47:17.804+00:00,2019-11-01T10:47:17.804+00:00,332,1,0.09631618055480498,31.226063749999913,0,0,0,0,0
u10619,u10619.csv,859,859,0,0,0,0,0,neither,0,0,,,,,,,,,0,0,0.0,0,0,0.0,2019-08-30T05:37:41.602+00:00,2019-09-03T01:42:24.399+00:00,2019-09-03T01:42:24.399+00:00,,,,,0,0,0,0,0
u1062,u1062.csv,131,131,0,0,0,0,0,neither,0,0,,,,,,,,,0,0,0.0,0,0,0.0,2019-07-09T04:04:15.925+00:00,2019-11-01T13:58:52.329+00:00,2019-11-01T13:58:52.329+00:00,,,,,0,0,0,0,0
u10620,u10620.csv,25399,25399,0,1,0,1,0,pay_only,0,0,2018-12-16T22:44:46.154+00:00,,,,,,,,0,0,0.0,0,0,0.0,2018-12-17T11:15:37.601+00:00,2019-11-25T07:08:13.729+00:00,2019-11-25T07:08:13.729+00:00,25398,117,342.8281959259262,349.1179478472223,0,0,0,0,0
u10621,u10621.csv,575,575,0,0,0,0,0,neither,0,0,,,,,,,,,0,0,0.0,0,0,0.0,2019-08-21T07:40:28.247+00:00,2019-09-26T11:35:17.234+00:00,2019-09-26T11:35:17.234+00:00,,,,,0,0,0,0,0
u10622,u10622.csv,28,28,0,1,0,1,0,pay_only,0,0,2019-08-31T20:17:11.480+00:00,,,,,,,,0,0,0.0,0,0,0.0,2019-09-04T06:34:49.735+00:00,2019-09-09T11:58:19.123+00:00,2019-09-09T11:58:19.123+00:00,27,2,5.224645694444577,91.22043250000036,0,0,0,0,0
u10623,u10623.csv,173,173,0,0,0,0,0,neither,0,0,,,,,,,,,0,0,0.0,0,0,0.0,2019-06-26T14:44:17.698+00:00,2019-09-02T00:58:52.408+00:00,2019-09-02T00:58:52.408+00:00,,,,,0,0,0,0,0
u10626,u10626.csv,3761,3761,0,0,0,0,0,neither,0,0,,,,,,,,,0,0,0.0,0,0,0.0,2019-02-08T23:56:30.692+00:00,2019-09-25T14:52:19.584+00:00,2019-09-25T14:52:19.584+00:00,,,,,0,0,0,0,0
u10628,u10628.csv,1269,1269,0,1,0,1,0,pay_only,0,0,2019-09-01T17:13:47.699+00:00,,,,,,,,0,0,0.0,0,0,0.0,2019-09-16T02:29:21.412+00:00,2019-10-30T09:09:15.654+00:00,2019-10-30T09:09:15.654+00:00,1268,14,44.27771113426045,90.34779107639083,0,0,0,0,0
u10629,u10629.csv,534,534,0,0,0,0,0,neither,0,0,,,,,,,,,0,0,0.0,0,0,0.0,2019-07-16T22:12:11.204+00:00,2019-08-24T09:43:42.795+00:00,2019-08-24T09:43:42.795+00:00,,,,,0,0,0,0,0
u1063,u1063.csv,3113,3113,0,1,0,1,0,pay_only,0,0,2019-01-20T04:02:56.603+00:00,,,,,,,,0,0,0.0,0,0,0.0,2019-01-20T12:57:09.339+00:00,2019-07-21T05:09:51.821+00:00,2019-07-21T05:09:51.821+00:00,3112,17,181.6754916898161,314.89699357639034,0,0,0,0,0
u10631,u10631.csv,3107,3107,0,1,0,2,0,pay_only,0,0,2019-07-07T18:34:33.763+00:00,,,,,,,,0,0,0.0,0,0,0.0,2019-07-08T03:25:12.924+00:00,2019-09-28T03:51:57.278+00:00,2019-09-28T03:51:57.278+00:00,3105,18,82.01856891203809,146.29170237268562,0,0,0,0,0
u10636,u10636.csv,806,806,0,1,0,1,0,pay_only,0,0,2019-07-05T02:05:29.913+00:00,,,,,,,,0,0,0.0,0,0,0.0,2019-07-06T16:20:01.670+00:00,2019-08-04T12:37:04.547+00:00,2019-08-04T12:37:04.547+00:00,805,11,28.84517218749832,148.97855248842527,0,0,0,0,0
u10637,u10637.csv,1493,1493,0,0,0,0,0,neither,0,0,,,,,,,,,0,0,0.0,0,0,0.0,2019-08-12T04:43:10.907+00:00,2019-09-08T08:40:51.864+00:00,2019-09-08T08:40:51.864+00:00,,,,,0,0,0,0,0
u10638,u10638.csv,32,32,0,0,0,0,0,neither,0,0,,,,,,,,,0,0,0.0,0,0,0.0,2019-08-07T13:45:53.126+00:00,2019-08-07T13:49:35.260+00:00,2019-08-07T13:49:35.260+00:00,,,,,0,0,0,0,0
u1064,u1064.csv,23200,23200,0,1,0,2,0,pay_only,0,0,2019-03-22T18:36:45.239+00:00,,,,,,,,0,0,0.0,0,0,0.0,2019-03-23T02:02:02.191+00:00,2019-11-27T05:38:57.662+00:00,2019-11-27T05:38:57.662+00:00,23198,63,249.15064202546245,253.29018065972184,0,0,0,0,0
u10640,u10640.csv,2222,2222,0,1,0,1,0,pay_only,0,0,2019-08-20T02:58:44.919+00:00,,,,,,,,0,0,0.0,0,0,0.0,2019-08-20T11:33:58.483+00:00,2019-09-04T10:28:55.584+00:00,2019-09-04T10:28:55.584+00:00,2221,10,14.954827557871187,102.94157325231643,0,0,0,0,0
u10641,u10641.csv,2911,2911,0,0,0,0,0,neither,0,0,,,,,,,,,0,0,0.0,0,0,0.0,2019-01-08T05:58:15.318+00:00,2019-10-16T02:17:23.798+00:00,2019-10-16T02:17:23.798+00:00,,,,,0,0,0,0,0
u10642,u10642.csv,57,57,0,0,0,0,0,neither,0,0,,,,,,,,,0,0,0.0,0,0,0.0,2019-09-02T01:02:46.802+00:00,2019-09-27T16:57:22.265+00:00,2019-09-27T16:57:22.265+00:00,,,,,0,0,0,0,0
u10645,u10645.csv,1507,1507,0,1,0,1,0,pay_only,0,0,2019-08-15T23:41:03.681+00:00,,,,,,,,0,0,0.0,0,0,0.0,2019-09-02T04:03:56.425+00:00,2019-09-05T04:54:57.025+00:00,2019-09-05T04:54:57.025+00:00,1506,4,3.035423611112767,107.07885609953767,0,0,0,0,0
u1065,u1065.csv,978,978,0,1,0,1,0,pay_only,0,0,2019-07-08T18:42:10.526+00:00,,,,,,,,0,0,0.0,0,0,0.0,2019-07-09T03:46:52.164+00:00,2019-07-19T08:59:58.525+00:00,2019-07-19T08:59:58.525+00:00,977,5,10.217434733797003,145.2864157638892,0,0,0,0,0
u10651,u10651.csv,1821,1821,0,1,0,1,0,pay_only,0,0,2019-08-18T00:41:58.512+00:00,,,,,,,,0,0,0.0,0,0,0.0,2019-08-19T00:19:28.611+00:00,2019-10-30T05:51:25.950+00:00,2019-10-30T05:51:25.950+00:00,1820,23,72.23052475694429,105.03655481481442,0,0,0,0,0
u10653,u10653.csv,6327,6327,0,1,1,2,1,pay_then_refund,1,1,2018-12-19T21:29:01.180+00:00,2019-10-31T17:54:00.437+00:00,2019-07-18T01:27:56.753+00:00,2019-10-31T17:54:00.437+00:00,2536.434356666671,105.68476486111129,2018-10-03T18:44:42.089+00:00,2019-09-26T08:21:52.363+00:00,6324,45,357.5674800231473,414,13,65.6927603819442,2018-10-03T18:44:42.089+00:00,2019-09-26T08:21:52.363+00:00,2019-10-31T17:54:00.437+00:00,,,,346.1705517129628,0,0,0,0,0
u10656,u10656.csv,756,756,0,0,0,0,0,neither,0,0,,,,,,,,,0,0,0.0,0,0,0.0,2019-08-29T10:07:29.763+00:00,2019-09-04T13:52:55.013+00:00,2019-09-04T13:52:55.013+00:00,,,,,0,0,0,0,0
u10658,u10658.csv,1837,1837,0,1,0,1,0,pay_only,0,0,2019-08-25T00:45:39.266+00:00,,,,,,,,0,0,0.0,0,0,0.0,2019-08-25T07:53:46.799+00:00,2019-09-19T02:45:26.537+00:00,2019-09-19T02:45:26.537+00:00,1836,11,24.78587659722125,98.03399979166687,0,0,0,0,0
u10660,u10660.csv,1159,1159,0,0,0,0,0,neither,0,0,,,,,,,,,0,0,0.0,0,0,0.0,2019-09-02T01:08:09.787+00:00,2019-11-16T09:22:54.462+00:00,2019-11-16T09:22:54.462+00:00,,,,,0,0,0,0,0
u10661,u10661.csv,32,32,0,0,0,0,0,neither,0,0,,,,,,,,,0,0,0.0,0,0,0.0,2019-09-02T01:08:39.850+00:00,2019-09-02T01:10:56.876+00:00,2019-09-02T01:10:56.876+00:00,,,,,0,0,0,0,0
u10662,u10662.csv,2380,2380,0,0,0,0,0,neither,0,0,,,,,,,,,0,0,0.0,0,0,0.0,2019-08-15T07:41:42.136+00:00,2019-09-04T15:14:08.328+00:00,2019-09-04T15:14:08.328+00:00,,,,,0,0,0,0,0
u10665,u10665.csv,53,53,0,0,0,0,0,neither,0,0,,,,,,,,,0,0,0.0,0,0,0.0,2019-09-02T01:09:13.282+00:00,2019-10-17T14:45:45.084+00:00,2019-10-17T14:45:45.084+00:00,,,,,0,0,0,0,0
u10666,u10666.csv,11039,11039,0,0,0,0,0,neither,0,0,,,,,,,,,0,0,0.0,0,0,0.0,2019-08-22T01:45:46.057+00:00,2019-10-09T21:44:48.089+00:00,2019-10-09T21:44:48.089+00:00,,,,,0,0,0,0,0
u1067,u1067.csv,470,470,0,1,0,1,0,pay_only,0,0,2019-07-08T19:24:59.270+00:00,,,,,,,,0,0,0.0,0,0,0.0,2019-07-09T04:26:20.741+00:00,2019-09-03T04:56:39.251+00:00,2019-09-03T04:56:39.251+00:00,469,7,56.021047569444335,145.25668493055636,0,0,0,0,0
u10671,u10671.csv,9213,9213,0,1,0,1,0,pay_only,0,0,2019-09-01T16:27:44.950+00:00,,,,,,,,0,0,0.0,0,0,0.0,2019-09-02T01:10:29.331+00:00,2019-10-01T23:59:14.771+00:00,2019-10-01T23:59:14.771+00:00,9212,21,29.950525925923827,90.37976733796299,0,0,0,0,0
u10674,u10674.csv,257,257,0,1,0,1,0,pay_only,0,0,2019-08-16T14:49:48.215+00:00,,,,,,,,0,0,0.0,0,0,0.0,2019-08-23T05:56:18.631+00:00,2019-09-07T12:26:41.493+00:00,2019-09-07T12:26:41.493+00:00,256,3,15.271097939814682,106.44778510416823,0,0,0,0,0
u1068,u1068.csv,74,74,0,0,0,0,0,neither,0,0,,,,,,,,,0,0,0.0,0,0,0.0,2019-06-22T12:26:41.292+00:00,2019-08-10T07:46:44.792+00:00,2019-08-10T07:46:44.792+00:00,,,,,0,0,0,0,0
u10680,u10680.csv,2683,2683,0,0,0,0,0,neither,0,0,,,,,,,,,0,0,0.0,0,0,0.0,2019-09-02T01:12:03.511+00:00,2019-11-20T13:12:31.444+00:00,2019-11-20T13:12:31.444+00:00,,,,,0,0,0,0,0
u10681,u10681.csv,10846,10846,0,1,0,1,0,pay_only,0,0,2019-08-06T06:04:15.053+00:00,,,,,,,,0,0,0.0,0,0,0.0,2019-08-06T07:28:45.562+00:00,2019-10-12T06:54:23.547+00:00,2019-10-12T06:54:23.547+00:00,10845,38,66.97613408564693,116.81275225694533,0,0,0,0,0
u10683,u10683.csv,45,45,0,1,0,1,0,pay_only,0,0,2019-08-27T18:21:39.564+00:00,,,,,,,,0,0,0.0,0,0,0.0,2019-08-28T03:08:37.851+00:00,2019-09-01T05:08:31.726+00:00,2019-09-01T05:08:31.726+00:00,44,2,4.083262442129629,95.30066300926109,0,0,0,0,0
u10684,u10684.csv,7820,7820,0,1,1,2,1,pay_then_refund,1,1,2019-08-19T14:46:56.209+00:00,2019-08-20T00:56:29.125+00:00,2019-08-19T14:46:56.209+00:00,2019-08-20T00:56:29.125+00:00,10.159143333302605,0.4232976388876085,2019-08-19T13:38:00.657+00:00,2019-08-19T13:41:30.322+00:00,38,1,0.002426678240299225,0,0,0.0,2019-08-19T13:38:00.657+00:00,2019-09-15T23:25:11.336+00:00,2019-09-15T23:25:11.336+00:00,,,,103.44977591435115,0,0,0,0,0
u10685,u10685.csv,1331,1331,0,0,0,0,0,neither,0,0,,,,,,,,,0,0,0.0,0,0,0.0,2019-08-28T06:10:37.302+00:00,2019-10-16T05:01:38.635+00:00,2019-10-16T05:01:38.635+00:00,,,,,0,0,0,0,0
u10686,u10686.csv,1149,1149,0,1,0,1,0,pay_only,0,0,2019-07-03T04:45:34.077+00:00,,,,,,,,0,0,0.0,0,0,0.0,2019-01-25T08:19:30.395+00:00,2019-10-08T06:08:03.953+00:00,2019-10-08T06:08:03.953+00:00,989,26,96.61621359953726,150.86739318287206,0,0,0,0,0
u10687,u10687.csv,87,87,0,1,0,1,0,pay_only,0,0,2019-08-05T16:35:26.274+00:00,,,,,,,,0,0,0.0,0,0,0.0,2019-09-04T05:40:46.323+00:00,2019-09-20T11:43:13.342+00:00,2019-09-20T11:43:13.342+00:00,86,2,16.251701608796914,117.3744279398162,0,0,0,0,0
u10688,u10688.csv,126,126,0,1,0,1,0,pay_only,0,0,2019-07-28T23:08:52.835+00:00,,,,,,,,0,0,0.0,0,0,0.0,2019-09-05T02:57:40.504+00:00,2019-09-05T03:23:40.066+00:00,2019-09-05T03:23:40.066+00:00,125,1,0.01805048611153055,125.1012038541668,0,0,0,0,0
u1069,u1069.csv,25,25,0,1,0,1,0,pay_only,0,0,2019-07-08T19:31:32.990+00:00,,,,,,,,0,0,0.0,0,0,0.0,2019-07-09T04:41:18.585+00:00,2019-07-09T04:57:33.255+00:00,2019-07-09T04:57:33.255+00:00,24,1,0.01128090277866081,145.2521279861116,0,0,0,0,0
u10690,u10690.csv,7018,7018,0,0,0,0,0,neither,0,0,,,,,,,,,0,0,0.0,0,0,0.0,2019-04-13T12:11:27.634+00:00,2019-11-15T03:38:10.119+00:00,2019-11-15T03:38:10.119+00:00,,,,,0,0,0,0,0
u10691,u10691.csv,1690,1690,0,1,0,1,0,pay_only,0,0,2019-08-15T05:39:27.011+00:00,,,,,,,,0,0,0.0,0,0,0.0,2019-08-15T23:28:35.592+00:00,2019-09-21T14:36:06.896+00:00,2019-09-21T14:36:06.896+00:00,1689,16,36.630223425924775,107.8299749652793,0,0,0,0,0
u10692,u10692.csv,511,511,0,1,0,1,0,pay_only,0,0,2019-09-22T04:17:49.719+00:00,,,,,,,,0,0,0.0,0,0,0.0,2019-09-02T01:15:50.905+00:00,2019-10-14T22:27:56.928+00:00,2019-10-14T22:27:56.928+00:00,488,4,10.307599502313469,69.88665658564756,0,0,0,0,0
u10693,u10693.csv,253,253,0,1,0,1,0,pay_only,0,0,2019-07-07T03:29:58.331+00:00,,,,,,,,0,0,0.0,0,0,0.0,2019-07-06T13:18:08.650+00:00,2019-09-03T01:23:15.061+00:00,2019-09-03T01:23:15.061+00:00,230,2,0.07039567129755461,146.91989024305508,0,0,0,0,0
u10694,u10694.csv,8774,8774,0,1,0,1,0,pay_only,0,0,2019-07-18T03:36:13.402+00:00,,,,,,,,0,0,0.0,0,0,0.0,2019-07-18T12:14:33.026+00:00,2019-10-26T12:46:10.254+00:00,2019-10-26T12:46:10.254+00:00,8773,52,100.02195865740654,135.91554914351966,0,0,0,0,0
u10695,u10695.csv,36,36,0,0,0,0,0,neither,0,0,,,,,,,,,0,0,0.0,0,0,0.0,2019-08-25T10:04:58.313+00:00,2019-09-02T02:58:18.603+00:00,2019-09-02T02:58:18.603+00:00,,,,,0,0,0,0,0
u10696,u10696.csv,2584,2584,0,1,0,1,0,pay_only,0,0,2019-03-10T07:53:44.886+00:00,,,,,,,,0,0,0.0,0,0,0.0,2018-12-21T06:43:54.715+00:00,2019-09-07T09:20:59.846+00:00,2019-09-07T09:20:59.846+00:00,1146,8,151.15159454861174,265.73671252314966,0,0,0,0,0
u10698,u10698.csv,150,150,0,0,0,0,0,neither,0,0,,,,,,,,,0,0,0.0,0,0,0.0,2019-08-28T00:09:57.702+00:00,2019-10-08T03:42:20.530+00:00,2019-10-08T03:42:20.530+00:00,,,,,0,0,0,0,0
u10699,u10699.csv,856,856,0,1,0,1,0,pay_only,0,0,2019-08-06T23:21:22.394+00:00,,,,,,,,0,0,0.0,0,0,0.0,2019-08-06T12:12:59.158+00:00,2019-09-07T08:00:26.029+00:00,2019-09-07T08:00:26.029+00:00,834,8,30.94734327546424,116.09252840277773,0,0,0,0,0
u107,u107.csv,439,439,0,0,0,0,0,neither,0,0,,,,,,,,,0,0,0.0,0,0,0.0,2019-06-26T10:57:55.832+00:00,2019-07-03T12:32:26.776+00:00,2019-07-03T12:32:26.776+00:00,,,,,0,0,0,0,0
u1070,u1070.csv,147,147,0,1,0,1,0,pay_only,0,0,2019-07-08T18:57:08.645+00:00,,,,,,,,0,0,0.0,0,0,0.0,2019-07-09T04:08:23.701+00:00,2019-07-28T12:00:05.946+00:00,2019-07-28T12:00:05.946+00:00,146,3,19.327572280094028,145.27602086805635,0,0,0,0,0
u10701,u10701.csv,64,64,0,0,0,0,0,neither,0,0,,,,,,,,,0,0,0.0,0,0,0.0,2019-09-02T01:15:13.404+00:00,2019-09-02T01:25:52.637+00:00,2019-09-02T01:25:52.637+00:00,,,,,0,0,0,0,0
u10703,u10703.csv,3655,3655,0,0,0,0,0,neither,0,0,,,,,,,,,0,0,0.0,0,0,0.0,2019-09-02T01:17:31.851+00:00,2019-10-03T07:44:36.374+00:00,2019-10-03T07:44:36.374+00:00,,,,,0,0,0,0,0
u10704,u10704.csv,32,32,0,0,0,0,0,neither,0,0,,,,,,,,,0,0,0.0,0,0,0.0,2019-09-02T01:17:55.091+00:00,2019-09-02T01:21:12.234+00:00,2019-09-02T01:21:12.234+00:00,,,,,0,0,0,0,0
u10707,u10707.csv,9,9,0,1,0,1,0,pay_only,0,0,2019-08-15T20:37:21.811+00:00,,,,,,,,0,0,0.0,0,0,0.0,2019-08-21T06:01:49.975+00:00,2019-08-21T06:04:47.432+00:00,2019-08-21T06:04:47.432+00:00,8,1,0.0020539004631616453,107.20642403935116,0,0,0,0,0
u10710,u10710.csv,320,320,0,1,0,2,0,pay_only,0,0,2019-05-19T19:24:01.854+00:00,,,,,,,,0,0,0.0,0,0,0.0,2019-05-20T04:05:38.211+00:00,2019-09-19T03:30:46.552+00:00,2019-09-19T03:30:46.552+00:00,318,2,121.97579098379722,195.25734946759212,0,0,0,0,0
u10714,u10714.csv,3162,3162,0,0,0,0,0,neither,0,0,,,,,,,,,0,0,0.0,0,0,0.0,2019-04-05T05:04:04.336+00:00,2019-10-04T01:42:51.605+00:00,2019-10-04T01:42:51.605+00:00,,,,,0,0,0,0,0
u10715,u10715.csv,848,848,0,0,0,0,0,neither,0,0,,,,,,,,,0,0,0.0,0,0,0.0,2019-08-30T17:46:46.803+00:00,2019-09-05T02:41:48.876+00:00,2019-09-05T02:41:48.876+00:00,,,,,0,0,0,0,0
u10716,u10716.csv,20,20,0,0,0,0,0,neither,0,0,,,,,,,,,0,0,0.0,0,0,0.0,2019-09-02T01:19:36.071+00:00,2019-09-02T01:22:35.460+00:00,2019-09-02T01:22:35.460+00:00,,,,,0,0,0,0,0
u10717,u10717.csv,9735,9735,0,1,0,1,0,pay_only,0,0,2019-06-28T03:08:19.459+00:00,,,,,,,,0,0,0.0,0,0,0.0,2019-06-28T08:06:26.995+00:00,2019-09-04T03:54:19.416+00:00,2019-09-04T03:54:19.416+00:00,9734,31,67.82491228009263,155.9349234837956,0,0,0,0,0
u10719,u10719.csv,1322,1322,0,1,0,1,0,pay_only,0,0,2019-08-12T22:19:32.955+00:00,,,,,,,,0,0,0.0,0,0,0.0,2019-08-03T04:15:11.451+00:00,2019-10-31T00:09:15.649+00:00,2019-10-31T00:09:15.649+00:00,1298,21,78.70044858796177,110.13546172453849,0,0,0,0,0
u10720,u10720.csv,1224,1224,0,1,0,1,0,pay_only,0,0,2019-03-27T22:34:45.253+00:00,,,,,,,,0,0,0.0,0,0,0.0,2019-08-06T09:41:58.502+00:00,2019-09-05T08:48:10.112+00:00,2019-09-05T08:48:10.112+00:00,1223,8,29.962634374998785,248.12490271990774,0,0,0,0,0
u10721,u10721.csv,54,54,0,1,0,1,0,pay_only,0,0,2019-08-29T17:55:21.402+00:00,,,,,,,,0,0,0.0,0,0,0.0,2019-08-26T06:04:21.004+00:00,2019-09-02T01:44:55.885+00:00,2019-09-02T01:44:55.885+00:00,28,1,0.02034645833350994,93.3189287731493,0,0,0,0,0
u10722,u10722.csv,1570,1570,0,0,0,0,0,neither,0,0,,,,,,,,,0,0,0.0,0,0,0.0,2019-08-07T04:49:42.463+00:00,2019-09-09T01:39:49.947+00:00,2019-09-09T01:39:49.947+00:00,,,,,0,0,0,0,0
u10724,u10724.csv,316,316,0,0,0,0,0,neither,0,0,,,,,,,,,0,0,0.0,0,0,0.0,2019-08-27T11:51:03.529+00:00,2019-09-03T02:24:39.901+00:00,2019-09-03T02:24:39.901+00:00,,,,,0,0,0,0,0
u10726,u10726.csv,1150,1150,0,0,0,0,0,neither,0,0,,,,,,,,,0,0,0.0,0,0,0.0,2019-08-06T04:29:44.135+00:00,2019-08-18T10:09:49.501+00:00,2019-08-18T10:09:49.501+00:00,,,,,0,0,0,0,0
u10727,u10727.csv,2951,2951,0,1,0,2,0,pay_only,0,0,2019-05-08T02:49:44.556+00:00,,,,,,,,0,0,0.0,0,0,0.0,2019-08-14T05:21:48.888+00:00,2019-10-07T05:48:17.992+00:00,2019-10-07T05:48:17.992+00:00,2949,20,54.01839240740847,206.94782745370435,0,0,0,0,0
u10728,u10728.csv,5466,5466,0,0,0,0,0,neither,0,0,,,,,,,,,0,0,0.0,0,0,0.0,2019-03-24T15:23:34.760+00:00,2019-08-30T03:50:01.129+00:00,2019-08-30T03:50:01.129+00:00,,,,,0,0,0,0,0
u1073,u1073.csv,27008,27008,0,1,0,3,0,pay_only,0,0,2019-04-24T19:00:48.546+00:00,,,,,,,,0,0,0.0,0,0,0.0,2019-02-19T09:35:23.350+00:00,2019-08-22T06:27:41.123+00:00,2019-08-22T06:27:41.123+00:00,26930,72,118.12953224536997,220.27347571759313,0,0,0,0,0
u10730,u10730.csv,2781,2781,0,1,0,1,0,pay_only,0,0,2019-07-09T19:04:06.260+00:00,,,,,,,,0,0,0.0,0,0,0.0,2019-07-09T13:55:29.209+00:00,2019-09-19T11:33:04.933+00:00,2019-09-19T11:33:04.933+00:00,2682,22,71.3106769791687,144.2711873611118,0,0,0,0,0
u10731,u10731.csv,3711,3711,0,1,0,1,0,pay_only,0,0,2019-08-28T17:32:05.046+00:00,,,,,,,,0,0,0.0,0,0,0.0,2019-08-21T01:45:13.915+00:00,2019-10-20T23:03:56.885+00:00,2019-10-20T23:03:56.885+00:00,2870,29,51.93215593750002,94.33509030092645,0,0,0,0,0
u10733,u10733.csv,831,831,0,0,0,0,0,neither,0,0,,,,,,,,,0,0,0.0,0,0,0.0,2019-01-21T13:10:17.722+00:00,2019-09-02T01:35:20.064+00:00,2019-09-02T01:35:20.064+00:00,,,,,0,0,0,0,0
u10736,u10736.csv,2177,2177,0,0,0,0,0,neither,0,0,,,,,,,,,0,0,0.0,0,0,0.0,2019-08-06T22:43:02.081+00:00,2019-11-11T22:32:57.518+00:00,2019-11-11T22:32:57.518+00:00,,,,,0,0,0,0,0
u10739,u10739.csv,3446,3446,0,1,0,1,0,pay_only,0,0,2019-07-28T21:20:51.356+00:00,,,,,,,,0,0,0.0,0,0,0.0,2019-07-30T06:35:53.120+00:00,2019-09-08T03:58:59.640+00:00,2019-09-08T03:58:59.640+00:00,3445,19,39.89104768518772,125.17622097222342,0,0,0,0,0
u1074,u1074.csv,3377,3377,0,1,0,2,0,pay_only,0,0,2019-03-28T12:21:17.917+00:00,,,,,,,,0,0,0.0,0,0,0.0,2019-04-07T11:02:24.005+00:00,2019-11-14T06:35:59.146+00:00,2019-11-14T06:35:59.146+00:00,3375,26,220.814990057868,247.55091355324066,0,0,0,0,0
u10740,u10740.csv,28,28,0,0,0,0,0,neither,0,0,,,,,,,,,0,0,0.0,0,0,0.0,2019-08-31T07:14:17.303+00:00,2019-08-31T07:17:08.697+00:00,2019-08-31T07:17:08.697+00:00,,,,,0,0,0,0,0
u10741,u10741.csv,2017,2017,0,1,1,2,1,pay_then_refund,1,1,2019-09-04T01:35:34.561+00:00,2019-09-04T16:21:30.973+00:00,2019-09-04T01:36:03.437+00:00,2019-09-04T16:21:30.973+00:00,14.757648888892598,0.6149020370371916,2019-08-22T10:08:16.512+00:00,2019-08-30T04:32:09.333+00:00,1791,7,7.766583576387277,0,0,0.0,2019-08-22T10:08:16.512+00:00,2019-09-21T09:46:32.130+00:00,2019-09-21T09:46:32.130+00:00,,,,87.99933202546228,0,0,0,0,0
u10742,u10742.csv,2109,2109,0,0,0,0,0,neither,0,0,,,,,,,,,0,0,0.0,0,0,0.0,2019-08-24T08:57:05.454+00:00,2019-09-09T02:27:29.028+00:00,2019-09-09T02:27:29.028+00:00,,,,,0,0,0,0,0
u10743,u10743.csv,13947,13947,0,0,0,0,0,neither,0,0,,,,,,,,,0,0,0.0,0,0,0.0,2019-05-09T04:32:21.157+00:00,2019-08-07T03:39:21.929+00:00,2019-08-07T03:39:21.929+00:00,,,,,0,0,0,0,0
u10744,u10744.csv,3661,3661,0,1,1,1,1,pay_then_refund,1,1,2019-07-18T04:19:30.832+00:00,2019-09-30T15:54:07.225+00:00,2019-07-18T04:19:30.832+00:00,2019-09-30T15:54:07.225+00:00,1787.5767758333022,74.48236565972093,2019-07-19T01:12:43.455+00:00,2019-08-30T06:54:54.153+00:00,3659,23,42.237623819446675,3659,23,42.237623819446675,2019-07-19T01:12:43.455+00:00,2019-08-30T06:54:54.153+00:00,2019-09-30T15:54:07.225+00:00,,,,135.88548629629668,0,0,0,0,0
u10745,u10745.csv,1493,1493,0,1,0,1,0,pay_only,0,0,2019-08-28T02:13:32.118+00:00,,,,,,,,0,0,0.0,0,0,0.0,2019-08-28T11:05:37.797+00:00,2019-10-07T02:39:44.885+00:00,2019-10-07T02:39:44.885+00:00,1492,14,39.64869314814883,94.97297141203725,0,0,0,0,0
u10747,u10747.csv,799,799,0,1,0,1,0,pay_only,0,0,2019-08-31T21:10:23.895+00:00,,,,,,,,0,0,0.0,0,0,0.0,2019-09-22T07:49:49.613+00:00,2019-09-24T16:17:03.039+00:00,2019-09-24T16:17:03.039+00:00,798,3,2.3522387268532206,91.18348325231561,0,0,0,0,0
u10749,u10749.csv,83,83,0,0,0,0,0,neither,0,0,,,,,,,,,0,0,0.0,0,0,0.0,2019-09-02T01:25:22.053+00:00,2019-09-18T11:50:32.850+00:00,2019-09-18T11:50:32.850+00:00,,,,,0,0,0,0,0
u1075,u1075.csv,505,505,0,0,0,0,0,neither,0,0,,,,,,,,,0,0,0.0,0,0,0.0,2019-07-09T00:01:21.657+00:00,2019-07-10T09:27:44.295+00:00,2019-07-10T09:27:44.295+00:00,,,,,0,0,0,0,0
u10755,u10755.csv,21820,21820,0,0,0,0,0,neither,0,0,,,,,,,,,0,0,0.0,0,0,0.0,2019-01-06T02:43:08.002+00:00,2019-06-06T23:09:30.584+00:00,2019-06-06T23:09:30.584+00:00,,,,,0,0,0,0,0
u10758,u10758.csv,1339,1339,0,1,0,1,0,pay_only,0,0,2019-07-16T21:09:04.183+00:00,,,,,,,,0,0,0.0,0,0,0.0,2019-07-18T05:18:01.622+00:00,2019-08-07T02:17:38.439+00:00,2019-08-07T02:17:38.439+00:00,1338,14,19.874731678239726,137.18440584490696,0,0,0,0,0
u1076,u1076.csv,568,568,0,0,0,0,0,neither,0,0,,,,,,,,,0,0,0.0,0,0,0.0,2019-07-05T08:04:34.329+00:00,2019-07-23T10:21:32.233+00:00,2019-07-23T10:21:32.233+00:00,,,,,0,0,0,0,0
u10760,u10760.csv,340,340,0,1,0,1,0,pay_only,0,0,2019-09-01T16:25:11.038+00:00,,,,,,,,0,0,0.0,0,0,0.0,2019-09-03T10:29:51.028+00:00,2019-09-03T11:12:35.194+00:00,2019-09-03T11:12:35.194+00:00,339,1,0.029677847220941828,90.3815487268512,0,0,0,0,0
u10761,u10761.csv,4622,4622,0,1,1,1,1,pay_then_refund,1,1,2019-08-05T04:10:50.522+00:00,2019-10-29T23:22:58.253+00:00,2019-08-05T04:10:50.522+00:00,2019-10-29T23:22:58.253+00:00,2059.202147499985,85.80008947916605,2019-08-05T13:11:38.108+00:00,2019-09-23T01:43:13.745+00:00,4620,45,48.52194024305377,4620,45,48.52194024305377,2019-08-05T13:11:38.108+00:00,2019-09-23T01:43:13.745+00:00,2019-10-29T23:22:58.253+00:00,,,,117.89150840277749,0,0,0,0,0
u10762,u10762.csv,11519,11519,0,0,0,0,0,neither,0,0,,,,,,,,,0,0,0.0,0,0,0.0,2019-02-19T05:52:03.943+00:00,2019-06-18T02:05:08.616+00:00,2019-06-18T02:05:08.616+00:00,,,,,0,0,0,0,0
u10763,u10763.csv,26,26,0,0,0,0,0,neither,0,0,,,,,,,,,0,0,0.0,0,0,0.0,2019-07-27T08:30:58.858+00:00,2019-07-27T08:42:41.687+00:00,2019-07-27T08:42:41.687+00:00,,,,,0,0,0,0,0
u10765,u10765.csv,4840,4840,0,1,0,1,0,pay_only,0,0,2019-09-03T19:13:19.013+00:00,,,,,,,,0,0,0.0,0,0,0.0,2019-09-07T03:17:01.181+00:00,2019-10-12T15:39:13.636+00:00,2019-10-12T15:39:13.636+00:00,4839,17,35.51542193286949,88.2647897569449,0,0,0,0,0
u10766,u10766.csv,1099,1099,0,0,0,0,0,neither,0,0,,,,,,,,,0,0,0.0,0,0,0.0,2019-07-16T22:46:55.009+00:00,2019-08-30T01:28:30.694+00:00,2019-08-30T01:28:30.694+00:00,,,,,0,0,0,0,0
u10767,u10767.csv,1147,1147,0,1,0,2,0,pay_only,0,0,2019-08-06T20:13:05.734+00:00,,,,,,,,0,0,0.0,0,0,0.0,2019-08-07T00:47:35.448+00:00,2019-11-27T02:31:22.152+00:00,2019-11-27T02:31:22.152+00:00,1145,13,112.07206833333329,116.22327678240836,0,0,0,0,0
u10768,u10768.csv,20,20,0,0,0,0,0,neither,0,0,,,,,,,,,0,0,0.0,0,0,0.0,2019-09-02T01:29:40.753+00:00,2019-09-02T01:31:48.262+00:00,2019-09-02T01:31:48.262+00:00,,,,,0,0,0,0,0
u10769,u10769.csv,4694,4694,0,1,0,1,0,pay_only,0,0,2019-08-09T21:10:47.218+00:00,,,,,,,,0,0,0.0,0,0,0.0,2019-08-10T09:58:08.129+00:00,2019-09-07T04:52:49.961+00:00,2019-09-07T04:52:49.961+00:00,4693,14,27.787984166666867,113.18321331018652,0,0,0,0,0
u1077,u1077.csv,966,966,0,1,0,1,0,pay_only,0,0,2019-03-31T01:37:40.927+00:00,,,,,,,,0,0,0.0,0,0,0.0,2018-10-10T13:08:04.281+00:00,2019-07-26T08:40:14.113+00:00,2019-07-26T08:40:14.113+00:00,925,18,116.94355107638847,244.99786945601855,0,0,0,0,0
u10771,u10771.csv,249,249,0,0,0,0,0,neither,0,0,,,,,,,,,0,0,0.0,0,0,0.0,2019-08-31T09:05:13.082+00:00,2019-09-01T09:01:05.661+00:00,2019-09-01T09:01:05.661+00:00,,,,,0,0,0,0,0
u10772,u10772.csv,891,891,0,1,0,1,0,pay_only,0,0,2019-08-01T17:06:47.982+00:00,,,,,,,,0,0,0.0,0,0,0.0,2019-05-16T02:43:33.482+00:00,2019-05-23T08:14:01.284+00:00,2019-08-01T17:06:47.982+00:00,0,0,0.0,121.35264891203632,0,0,0,0,0
u10773,u10773.csv,3093,3093,0,0,0,0,0,neither,0,0,,,,,,,,,0,0,0.0,0,0,0.0,2019-06-04T00:03:21.332+00:00,2019-10-23T22:15:41.025+00:00,2019-10-23T22:15:41.025+00:00,,,,,0,0,0,0,0
u10775,u10775.csv,523,523,0,1,0,1,0,pay_only,0,0,2019-07-22T20:57:59.174+00:00,,,,,,,,0,0,0.0,0,0,0.0,2019-08-27T05:34:52.774+00:00,2019-08-29T07:23:12.550+00:00,2019-08-29T07:23:12.550+00:00,522,2,2.075228888889154,131.1921027083336,0,0,0,0,0
u10776,u10776.csv,4284,4284,0,0,0,0,0,neither,0,0,,,,,,,,,0,0,0.0,0,0,0.0,2019-03-25T03:07:47.857+00:00,2019-11-14T03:53:10.840+00:00,2019-11-14T03:53:10.840+00:00,,,,,0,0,0,0,0
u10777,u10777.csv,23,23,0,0,0,0,0,neither,0,0,,,,,,,,,0,0,0.0,0,0,0.0,2019-09-02T01:32:03.572+00:00,2019-10-30T02:06:51.612+00:00,2019-10-30T02:06:51.612+00:00,,,,,0,0,0,0,0
u1078,u1078.csv,5694,5694,0,1,0,1,0,pay_only,0,0,2019-07-26T15:15:07.485+00:00,,,,,,,,0,0,0.0,0,0,0.0,2019-05-01T10:52:15.952+00:00,2019-09-07T17:18:54.175+00:00,2019-09-07T17:18:54.175+00:00,4715,23,43.084866944443846,127.43020096064994,0,0,0,0,0
u10780,u10780.csv,1086,1086,0,0,0,0,0,neither,0,0,,,,,,,,,0,0,0.0,0,0,0.0,2019-03-31T07:00:59.418+00:00,2019-09-03T05:02:02.495+00:00,2019-09-03T05:02:02.495+00:00,,,,,0,0,0,0,0
u10781,u10781.csv,193,193,0,1,0,1,0,pay_only,0,0,2019-08-27T23:24:53.649+00:00,,,,,,,,0,0,0.0,0,0,0.0,2019-09-02T01:32:44.781+00:00,2019-09-26T02:37:01.400+00:00,2019-09-26T02:37:01.400+00:00,192,5,24.044636793983756,95.09008332176064,0,0,0,0,0
u10782,u10782.csv,496,496,0,1,0,1,0,pay_only,0,0,2019-07-28T23:45:20.196+00:00,,,,,,,,0,0,0.0,0,0,0.0,2019-07-30T07:25:56.257+00:00,2019-08-19T06:31:44.624+00:00,2019-08-19T06:31:44.624+00:00,495,9,19.962365358797488,125.07588717592535,0,0,0,0,0
u10783,u10783.csv,7830,7830,0,0,0,0,0,neither,0,0,,,,,,,,,0,0,0.0,0,0,0.0,2019-05-08T06:11:01.556+00:00,2019-08-30T03:55:17.865+00:00,2019-08-30T03:55:17.865+00:00,,,,,0,0,0,0,0
u10785,u10785.csv,1731,1731,0,0,0,0,0,neither,0,0,,,,,,,,,0,0,0.0,0,0,0.0,2019-03-27T17:56:31.390+00:00,2019-08-22T00:40:09.571+00:00,2019-08-22T00:40:09.571+00:00,,,,,0,0,0,0,0
u10787,u10787.csv,3079,3079,0,1,0,1,0,pay_only,0,0,2019-09-01T17:40:15.283+00:00,,,,,,,,0,0,0.0,0,0,0.0,2019-09-02T01:33:37.785+00:00,2019-10-18T15:03:57.867+00:00,2019-10-18T15:03:57.867+00:00,3078,21,46.562732430555755,90.32941626157474,0,0,0,0,0
u10789,u10789.csv,149,149,0,0,0,0,0,neither,0,0,,,,,,,,,0,0,0.0,0,0,0.0,2019-08-28T11:34:38.535+00:00,2019-09-02T02:41:02.930+00:00,2019-09-02T02:41:02.930+00:00,,,,,0,0,0,0,0
u1079,u1079.csv,223,223,0,0,0,0,0,neither,0,0,,,,,,,,,0,0,0.0,0,0,0.0,2019-07-06T05:42:22.980+00:00,2019-07-13T10:14:36.679+00:00,2019-07-13T10:14:36.679+00:00,,,,,0,0,0,0,0
u10790,u10790.csv,21,21,0,0,0,0,0,neither,0,0,,,,,,,,,0,0,0.0,0,0,0.0,2019-09-02T01:34:45.597+00:00,2019-09-02T01:36:53.772+00:00,2019-09-02T01:36:53.772+00:00,,,,,0,0,0,0,0
u10793,u10793.csv,50,50,0,1,0,1,0,pay_only,0,0,2019-07-31T15:59:08.401+00:00,,,,,,,,0,0,0.0,0,0,0.0,2019-08-01T01:11:18.489+00:00,2019-08-05T03:48:31.310+00:00,2019-08-05T03:48:31.310+00:00,49,2,4.10917616897987,122.39963480324106,0,0,0,0,0
u10794,u10794.csv,8274,8274,0,1,0,1,0,pay_only,0,0,2019-07-21T20:49:11.702+00:00,,,,,,,,0,0,0.0,0,0,0.0,2019-08-04T11:08:04.873+00:00,2019-09-19T06:07:58.630+00:00,2019-09-19T06:07:58.630+00:00,8273,22,45.79159440972463,132.19820770833502,0,0,0,0,0
u10797,u10797.csv,22,22,0,0,0,0,0,neither,0,0,,,,,,,,,0,0,0.0,0,0,0.0,2019-09-02T01:35:58.218+00:00,2019-09-02T01:37:56.702+00:00,2019-09-02T01:37:56.702+00:00,,,,,0,0,0,0,0
u10798,u10798.csv,56,56,0,0,0,0,0,neither,0,0,,,,,,,,,0,0,0.0,0,0,0.0,2019-09-02T01:36:03.969+00:00,2019-09-02T01:51:59.481+00:00,2019-09-02T01:51:59.481+00:00,,,,,0,0,0,0,0
u108,u108.csv,39,39,0,0,0,0,0,neither,0,0,,,,,,,,,0,0,0.0,0,0,0.0,2019-06-26T11:16:06.930+00:00,2019-06-26T11:20:42.578+00:00,2019-06-26T11:20:42.578+00:00,,,,,0,0,0,0,0
u1080,u1080.csv,209,209,0,0,0,0,0,neither,0,0,,,,,,,,,0,0,0.0,0,0,0.0,2019-07-06T16:28:06.456+00:00,2019-10-14T15:37:31.998+00:00,2019-10-14T15:37:31.998+00:00,,,,,0,0,0,0,0
u10800,u10800.csv,4559,4559,0,0,0,0,0,neither,0,0,,,,,,,,,0,0,0.0,0,0,0.0,2019-09-02T01:36:14.422+00:00,2019-10-01T18:46:11.377+00:00,2019-10-01T18:46:11.377+00:00,,,,,0,0,0,0,0
u10801,u10801.csv,3423,3423,0,0,0,0,0,neither,0,0,,,,,,,,,0,0,0.0,0,0,0.0,2019-08-21T02:06:14.544+00:00,2019-10-21T12:46:44.735+00:00,2019-10-21T12:46:44.735+00:00,,,,,0,0,0,0,0
u10803,u10803.csv,287,287,0,1,0,1,0,pay_only,0,0,2019-07-02T15:45:48.933+00:00,,,,,,,,0,0,0.0,0,0,0.0,2019-07-03T00:48:43.291+00:00,2019-09-09T01:33:46.204+00:00,2019-09-09T01:33:46.204+00:00,286,6,68.03128371527902,151.40888790509214,0,0,0,0,0
u10805,u10805.csv,30,30,0,0,0,0,0,neither,0,0,,,,,,,,,0,0,0.0,0,0,0.0,2019-09-02T01:38:24.791+00:00,2019-09-02T01:43:43.587+00:00,2019-09-02T01:43:43.587+00:00,,,,,0,0,0,0,0
u10806,u10806.csv,3429,3429,0,1,0,1,0,pay_only,0,0,2019-07-22T14:02:12.271+00:00,,,,,,,,0,0,0.0,0,0,0.0,2019-07-21T23:48:31.664+00:00,2019-09-18T08:42:54.480+00:00,2019-09-18T08:42:54.480+00:00,2841,19,57.42672271990666,131.4808400115757,0,0,0,0,0
u10807,u10807.csv,5734,5734,0,0,0,0,0,neither,0,0,,,,,,,,,0,0,0.0,0,0,0.0,2019-04-15T17:23:38.772+00:00,2019-11-18T06:21:01.835+00:00,2019-11-18T06:21:01.835+00:00,,,,,0,0,0,0,0
u10808,u10808.csv,410,410,0,0,0,0,0,neither,0,0,,,,,,,,,0,0,0.0,0,0,0.0,2019-02-03T05:45:38.167+00:00,2019-09-02T01:54:51.572+00:00,2019-09-02T01:54:51.572+00:00,,,,,0,0,0,0,0
u10809,u10809.csv,4807,4807,0,0,0,0,0,neither,0,0,,,,,,,,,0,0,0.0,0,0,0.0,2019-08-13T13:58:23.192+00:00,2019-11-24T12:22:43.398+00:00,2019-11-24T12:22:43.398+00:00,,,,,0,0,0,0,0
u1081,u1081.csv,1456,1456,0,1,0,1,0,pay_only,0,0,2019-07-07T02:41:03.969+00:00,,,,,,,,0,0,0.0,0,0,0.0,2019-06-27T14:03:49.099+00:00,2019-10-04T06:28:13.751+00:00,2019-10-04T06:28:13.751+00:00,1065,11,86.8644533680545,146.9538527662031,0,0,0,0,0
u10810,u10810.csv,160,160,0,0,0,0,0,neither,0,0,,,,,,,,,0,0,0.0,0,0,0.0,2019-01-31T10:57:36.978+00:00,2019-07-29T09:34:50.547+00:00,2019-07-29T09:34:50.547+00:00,,,,,0,0,0,0,0
u10812,u10812.csv,8,8,0,1,0,1,0,pay_only,0,0,2019-07-17T01:59:31.577+00:00,,,,,,,,0,0,0.0,0,0,0.0,2019-09-05T06:01:31.278+00:00,2019-09-05T06:03:52.140+00:00,2019-09-05T06:03:52.140+00:00,7,1,0.0016303472220897675,136.98269989583503,0,0,0,0,0
u10813,u10813.csv,18,18,0,0,0,0,0,neither,0,0,,,,,,,,,0,0,0.0,0,0,0.0,2019-09-02T01:41:06.309+00:00,2019-09-02T01:44:11.182+00:00,2019-09-02T01:44:11.182+00:00,,,,,0,0,0,0,0
u10816,u10816.csv,2973,2973,0,0,0,0,0,neither,0,0,,,,,,,,,0,0,0.0,0,0,0.0,2019-07-06T08:16:40.758+00:00,2019-09-14T11:37:14.320+00:00,2019-09-14T11:37:14.320+00:00,,,,,0,0,0,0,0
u10817,u10817.csv,33,33,0,0,0,0,0,neither,0,0,,,,,,,,,0,0,0.0,0,0,0.0,2019-09-02T01:36:56.787+00:00,2019-09-02T01:44:40.418+00:00,2019-09-02T01:44:40.418+00:00,,,,,0,0,0,0,0
u10818,u10818.csv,289,289,0,1,0,1,0,pay_only,0,0,2019-08-06T12:31:32.614+00:00,,,,,,,,0,0,0.0,0,0,0.0,2019-08-06T21:22:13.623+00:00,2019-08-08T10:22:19.141+00:00,2019-08-08T10:22:19.141+00:00,288,2,1.5417305324088644,116.54379900462925,0,0,0,0,0
u10819,u10819.csv,4816,4816,0,0,0,0,0,neither,0,0,,,,,,,,,0,0,0.0,0,0,0.0,2019-09-02T22:41:27.730+00:00,2019-11-11T14:58:21.018+00:00,2019-11-11T14:58:21.018+00:00,,,,,0,0,0,0,0
u1082,u1082.csv,3542,3542,0,1,0,1,0,pay_only,0,0,2019-05-30T03:34:59.231+00:00,,,,,,,,0,0,0.0,0,0,0.0,2019-05-30T11:48:17.310+00:00,2019-07-30T15:32:13.921+00:00,2019-07-30T15:32:13.921+00:00,3541,14,61.15551633101923,184.91640760416786,0,0,0,0,0
u10820,u10820.csv,17160,17160,0,1,0,1,0,pay_only,0,0,2019-07-30T15:04:37.168+00:00,,,,,,,,0,0,0.0,0,0,0.0,2019-07-30T06:25:36.220+00:00,2019-08-29T15:17:53.547+00:00,2019-08-29T15:17:53.547+00:00,17084,27,29.618029386572264,123.43749629629707,0,0,0,0,0
u10822,u10822.csv,71,71,0,1,0,1,0,pay_only,0,0,2019-09-01T16:56:46.529+00:00,,,,,,,,0,0,0.0,0,0,0.0,2019-09-02T01:42:54.749+00:00,2019-09-06T00:46:29.016+00:00,2019-09-06T00:46:29.016+00:00,70,3,3.9608132754624994,90.35961017361117,0,0,0,0,0
u10823,u10823.csv,37,37,0,0,0,0,0,neither,0,0,,,,,,,,,0,0,0.0,0,0,0.0,2019-09-02T01:42:58.816+00:00,2019-09-02T01:49:06.786+00:00,2019-09-02T01:49:06.786+00:00,,,,,0,0,0,0,0
u10824,u10824.csv,4562,4562,0,0,0,0,0,neither,0,0,,,,,,,,,0,0,0.0,0,0,0.0,2019-08-17T05:46:48.213+00:00,2019-11-23T06:01:46.010+00:00,2019-11-23T06:01:46.010+00:00,,,,,0,0,0,0,0
u10825,u10825.csv,1174,1174,0,1,0,1,0,pay_only,0,0,2019-07-03T05:05:22.586+00:00,,,,,,,,0,0,0.0,0,0,0.0,2019-08-30T08:52:42.188+00:00,2019-09-03T01:59:33.204+00:00,2019-09-03T01:59:33.204+00:00,1173,3,3.713090462963338,150.85363729166764,0,0,0,0,0
u10826,u10826.csv,1891,1891,0,1,0,2,0,pay_only,0,0,2019-08-19T21:31:44.976+00:00,,,,,,,,0,0,0.0,0,0,0.0,2019-08-20T04:12:58.038+00:00,2019-09-25T02:50:56.724+00:00,2019-11-27T05:28:20.925+00:00,1889,9,35.94304034722072,103.16865592592568,0,0,0,0,0
u10827,u10827.csv,152,152,0,0,0,0,0,neither,0,0,,,,,,,,,0,0,0.0,0,0,0.0,2019-08-29T08:11:54.847+00:00,2019-09-04T06:06:33.982+00:00,2019-09-04T06:06:33.982+00:00,,,,,0,0,0,0,0
u10828,u10828.csv,856,856,0,1,0,2,0,pay_only,0,0,2018-11-13T18:19:12.952+00:00,,,,,,,,0,0,0.0,0,0,0.0,2018-11-15T21:33:17.710+00:00,2018-12-20T06:42:48.466+00:00,2019-06-15T23:13:29.031+00:00,854,5,34.38160597222271,382.3023599074091,0,0,0,0,0
u1083,u1083.csv,452,452,0,1,0,1,0,pay_only,0,0,2019-07-07T23:48:09.136+00:00,,,,,,,,0,0,0.0,0,0,0.0,2019-07-09T04:47:54.103+00:00,2019-07-09T11:42:48.625+00:00,2019-07-09T11:42:48.625+00:00,451,1,0.2881310416675276,146.0739318518534,0,0,0,0,0
u10834,u10834.csv,172,172,0,1,0,1,0,pay_only,0,0,2019-09-01T16:50:53.291+00:00,,,,,,,,0,0,0.0,0,0,0.0,2019-09-02T01:45:36.027+00:00,2019-09-06T06:11:02.319+00:00,2019-09-06T06:11:02.319+00:00,171,2,4.184332083333974,90.36369857639075,0,0,0,0,0
u10837,u10837.csv,1935,1935,0,1,0,1,0,pay_only,0,0,2019-08-26T02:46:58.388+00:00,,,,,,,,0,0,0.0,0,0,0.0,2019-08-25T12:38:32.438+00:00,2019-09-30T06:04:17.683+00:00,2019-09-30T06:04:17.683+00:00,1435,10,35.11347252314841,96.94975069444489,0,0,0,0,0
u10838,u10838.csv,2629,2629,0,0,0,0,0,neither,0,0,,,,,,,,,0,0,0.0,0,0,0.0,2019-06-11T05:49:54.403+00:00,2019-09-09T02:32:21.804+00:00,2019-09-09T02:32:21.804+00:00,,,,,0,0,0,0,0
u10839,u10839.csv,29264,29264,0,0,0,0,0,neither,0,0,,,,,,,,,0,0,0.0,0,0,0.0,2019-03-11T09:31:32.076+00:00,2019-11-26T23:59:58.726+00:00,2019-11-26T23:59:58.726+00:00,,,,,0,0,0,0,0
u1084,u1084.csv,100,100,0,0,0,0,0,neither,0,0,,,,,,,,,0,0,0.0,0,0,0.0,2019-07-05T06:48:30.768+00:00,2019-07-09T11:07:11.927+00:00,2019-07-09T11:07:11.927+00:00,,,,,0,0,0,0,0
u10842,u10842.csv,14548,14548,0,0,0,0,0,neither,0,0,,,,,,,,,0,0,0.0,0,0,0.0,2019-07-16T01:13:04.416+00:00,2019-11-16T11:43:19.661+00:00,2019-11-16T11:43:19.661+00:00,,,,,0,0,0,0,0
u10844,u10844.csv,101,101,0,1,0,1,0,pay_only,0,0,2019-09-08T18:13:31.672+00:00,,,,,,,,0,0,0.0,0,0,0.0,2019-09-02T01:47:38.093+00:00,2019-11-04T04:21:01.255+00:00,2019-11-04T04:21:01.255+00:00,65,2,54.94670868055688,83.30630990740877,0,0,0,0,0
u10846,u10846.csv,3537,3537,0,1,0,2,0,pay_only,0,0,2018-10-30T15:46:15.850+00:00,,,,,,,,0,0,0.0,0,0,0.0,2018-10-30T07:30:29.318+00:00,2019-11-05T07:32:19.113+00:00,2019-11-05T07:32:19.113+00:00,3348,30,370.36355252314775,396.4085763657424,0,0,0,0,0
u10847,u10847.csv,1117,1117,0,1,0,1,0,pay_only,0,0,2019-05-02T09:38:02.891+00:00,,,,,,,,0,0,0.0,0,0,0.0,2019-05-03T06:44:55.078+00:00,2019-05-21T06:40:12.396+00:00,2019-05-21T06:40:12.396+00:00,1116,4,17.99672821759074,212.66428190972243,0,0,0,0,0
u10849,u10849.csv,31,31,0,1,0,1,0,pay_only,0,0,2019-08-18T23:57:23.594+00:00,,,,,,,,0,0,0.0,0,0,0.0,2019-08-19T08:52:48.019+00:00,2019-08-19T09:14:14.839+00:00,2019-08-19T09:14:14.839+00:00,30,1,0.014893749999227348,104.0675145138883,0,0,0,0,0
u1085,u1085.csv,1312,1312,0,0,0,0,0,neither,0,0,,,,,,,,,0,0,0.0,0,0,0.0,2019-07-05T11:15:02.822+00:00,2019-07-17T02:53:45.909+00:00,2019-07-17T02:53:45.909+00:00,,,,,0,0,0,0,0
u10850,u10850.csv,197,197,0,0,0,0,0,neither,0,0,,,,,,,,,0,0,0.0,0,0,0.0,2019-09-02T01:48:20.760+00:00,2019-09-04T01:50:10.164+00:00,2019-09-04T01:50:10.164+00:00,,,,,0,0,0,0,0
u10851,u10851.csv,4027,4027,0,1,0,1,0,pay_only,0,0,2019-03-06T15:28:37.779+00:00,,,,,,,,0,0,0.0,0,0,0.0,2019-04-29T08:30:23.689+00:00,2019-07-22T04:18:26.431+00:00,2019-07-22T04:18:26.431+00:00,4026,19,83.82503173611231,269.42082255787045,0,0,0,0,0
u10853,u10853.csv,1666,1666,0,1,0,2,0,pay_only,0,0,2019-05-05T12:24:00.387+00:00,,,,,,,,0,0,0.0,0,0,0.0,2019-05-05T21:04:51.347+00:00,2019-09-02T02:23:08.695+00:00,2019-09-02T02:23:08.695+00:00,1664,9,119.22103412037094,209.54903311342554,0,0,0,0,0
u10854,u10854.csv,31,31,0,0,0,0,0,neither,0,0,,,,,,,,,0,0,0.0,0,0,0.0,2019-09-02T01:44:17.890+00:00,2019-09-02T01:55:42.679+00:00,2019-09-02T01:55:42.679+00:00,,,,,0,0,0,0,0
u10856,u10856.csv,36,36,0,0,0,0,0,neither,0,0,,,,,,,,,0,0,0.0,0,0,0.0,2019-09-02T01:49:30.568+00:00,2019-09-02T01:53:44.336+00:00,2019-09-02T01:53:44.336+00:00,,,,,0,0,0,0,0
u10857,u10857.csv,18636,18636,0,1,0,3,0,pay_only,0,0,2019-06-24T04:03:23.205+00:00,,,,,,,,0,0,0.0,0,0,0.0,2019-06-23T16:50:34.310+00:00,2019-10-04T06:18:25.199+00:00,2019-10-04T06:18:25.199+00:00,18611,72,89.03567453703671,159.89668568287183,0,0,0,0,0
u10859,u10859.csv,1212,1212,0,0,0,0,0,neither,0,0,,,,,,,,,0,0,0.0,0,0,0.0,2019-07-09T02:56:36.997+00:00,2019-07-19T07:17:53.098+00:00,2019-07-19T07:17:53.098+00:00,,,,,0,0,0,0,0
u1086,u1086.csv,2914,2914,0,0,0,0,0,neither,0,0,,,,,,,,,0,0,0.0,0,0,0.0,2019-06-26T19:37:57.829+00:00,2019-08-23T03:51:38.888+00:00,2019-08-23T03:51:38.888+00:00,,,,,0,0,0,0,0
u10863,u10863.csv,4882,4882,0,0,0,0,0,neither,0,0,,,,,,,,,0,0,0.0,0,0,0.0,2019-07-10T12:33:18.577+00:00,2019-11-19T05:58:01.276+00:00,2019-11-19T05:58:01.276+00:00,,,,,0,0,0,0,0
u10865,u10865.csv,175,175,0,0,0,0,0,neither,0,0,,,,,,,,,0,0,0.0,0,0,0.0,2019-06-24T03:30:13.214+00:00,2019-07-17T03:31:49.573+00:00,2019-07-17T03:31:49.573+00:00,,,,,0,0,0,0,0
u10866,u10866.csv,50,50,0,0,0,0,0,neither,0,0,,,,,,,,,0,0,0.0,0,0,0.0,2019-09-02T01:53:02.624+00:00,2019-09-02T01:58:12.783+00:00,2019-09-02T01:58:12.783+00:00,,,,,0,0,0,0,0
u10868,u10868.csv,569,569,0,1,0,1,0,pay_only,0,0,2019-09-04T23:14:05.728+00:00,,,,,,,,0,0,0.0,0,0,0.0,2019-09-02T01:52:38.654+00:00,2019-09-20T01:16:44.576+00:00,2019-09-20T01:16:44.576+00:00,525,7,13.795869502314815,87.09758240740884,0,0,0,0,0
u10869,u10869.csv,2654,2654,0,0,0,0,0,neither,0,0,,,,,,,,,0,0,0.0,0,0,0.0,2019-08-21T22:10:53.177+00:00,2019-09-30T15:04:46.584+00:00,2019-09-30T15:04:46.584+00:00,,,,,0,0,0,0,0
u1087,u1087.csv,1232,1232,0,1,0,1,0,pay_only,0,0,2019-06-11T01:47:27.741+00:00,,,,,,,,0,0,0.0,0,0,0.0,2019-07-05T02:59:48.719+00:00,2019-10-28T02:26:41.389+00:00,2019-10-28T02:26:41.389+00:00,1231,5,114.97699849536849,172.99107762731612,0,0,0,0,0
u10871,u10871.csv,21453,21453,0,0,0,0,0,neither,0,0,,,,,,,,,0,0,0.0,0,0,0.0,2019-07-28T23:44:17.242+00:00,2019-11-26T23:12:09.749+00:00,2019-11-26T23:12:09.749+00:00,,,,,0,0,0,0,0
u10875,u10875.csv,31896,31896,0,1,0,2,0,pay_only,0,0,2018-11-29T03:18:04.306+00:00,,,,,,,,0,0,0.0,0,0,0.0,2018-11-24T05:59:20.490+00:00,2019-06-12T00:21:08.901+00:00,2019-06-12T00:21:08.901+00:00,31853,99,193.50196078703635,366.92815442129694,0,0,0,0,0
u10878,u10878.csv,7008,7008,0,0,0,0,0,neither,0,0,,,,,,,,,0,0,0.0,0,0,0.0,2019-01-16T23:25:41.612+00:00,2019-11-22T02:05:33.618+00:00,2019-11-22T02:05:33.618+00:00,,,,,0,0,0,0,0
u1088,u1088.csv,1329,1329,0,1,0,1,0,pay_only,0,0,2019-07-09T02:32:09.609+00:00,,,,,,,,0,0,0.0,0,0,0.0,2019-07-03T08:26:21.384+00:00,2019-09-15T07:21:31.633+00:00,2019-09-15T07:21:31.633+00:00,1321,19,67.93137833333125,144.96003748842688,0,0,0,0,0
u10881,u10881.csv,21,21,0,1,0,1,0,pay_only,0,0,2019-09-01T16:54:15.718+00:00,,,,,,,,0,0,0.0,0,0,0.0,2019-10-16T15:03:59.332+00:00,2019-10-16T15:13:17.995+00:00,2019-10-16T15:13:17.995+00:00,20,1,0.006466006942921215,90.36135567129762,0,0,0,0,0
u10882,u10882.csv,570,570,0,1,0,2,0,pay_only,0,0,2019-01-15T02:52:13.505+00:00,,,,,,,,0,0,0.0,0,0,0.0,2019-01-18T06:48:34.906+00:00,2019-03-11T11:46:39.490+00:00,2019-07-13T23:46:32.923+00:00,568,2,52.20699750000128,319.9461035069437,0,0,0,0,0
u10883,u10883.csv,99,99,0,0,0,0,0,neither,0,0,,,,,,,,,0,0,0.0,0,0,0.0,2019-09-02T01:55:52.640+00:00,2019-09-10T05:02:28.397+00:00,2019-09-10T05:02:28.397+00:00,,,,,0,0,0,0,0
u10889,u10889.csv,4007,4007,0,1,0,1,0,pay_only,0,0,2019-08-13T01:51:36.858+00:00,,,,,,,,0,0,0.0,0,0,0.0,2019-03-02T11:18:55.497+00:00,2019-08-23T12:24:42.950+00:00,2019-08-23T12:24:42.950+00:00,3219,10,9.483830787037258,109.98819432870381,0,0,0,0,0
u1089,u1089.csv,324,324,0,0,0,0,0,neither,0,0,,,,,,,,,0,0,0.0,0,0,0.0,2019-07-08T04:36:50.554+00:00,2019-07-23T07:21:35.032+00:00,2019-07-23T07:21:35.032+00:00,,,,,0,0,0,0,0
u10892,u10892.csv,5612,5612,0,1,0,1,0,pay_only,0,0,2019-08-04T03:50:08.629+00:00,,,,,,,,0,0,0.0,0,0,0.0,2019-08-04T12:07:41.136+00:00,2019-09-27T05:30:43.012+00:00,2019-09-27T05:30:43.012+00:00,5611,28,53.72432726852044,118.90588216435302,0,0,0,0,0
u10895,u10895.csv,2046,2046,0,1,0,1,0,pay_only,0,0,2019-02-25T17:36:44.674+00:00,,,,,,,,0,0,0.0,0,0,0.0,2019-02-26T02:51:38.235+00:00,2019-08-26T01:52:24.234+00:00,2019-08-26T01:52:24.234+00:00,2045,19,180.9588657291675,278.33185386574104,0,0,0,0,0
u10896,u10896.csv,10071,10071,0,1,1,2,1,pay_then_refund,1,1,2019-01-02T01:06:29.026+00:00,2019-11-27T18:55:17.437+00:00,2019-08-02T05:30:28.239+00:00,2019-11-27T18:55:17.437+00:00,2821.4136661110983,117.5589027546291,2018-11-04T22:48:52.062+00:00,2019-11-10T23:57:49.939+00:00,10068,120,371.0478920949057,7435,92,100.36384753472,2018-11-04T22:48:52.062+00:00,2019-11-10T23:57:49.939+00:00,2019-11-27T18:55:17.437+00:00,,,,333.0195349768522,0,0,0,0,0
u10898,u10898.csv,1902,1902,0,1,0,2,0,pay_only,0,0,2019-07-25T05:10:14.143+00:00,,,,,,,,0,0,0.0,0,0,0.0,2019-09-14T09:57:24.635+00:00,2019-11-10T16:20:11.396+00:00,2019-11-10T16:20:11.396+00:00,1900,7,57.26581899305461,128.85026278935374,0,0,0,0,0
u10899,u10899.csv,112,112,0,1,0,1,0,pay_only,0,0,2019-07-21T17:36:53.783+00:00,,,,,,,,0,0,0.0,0,0,0.0,2019-07-22T02:31:41.395+00:00,2019-09-01T01:11:12.794+00:00,2019-09-01T01:11:12.794+00:00,111,2,40.94411341435104,132.33174843750066,0,0,0,0,0
u1090,u1090.csv,152,152,0,1,0,1,0,pay_only,0,0,2019-07-08T07:21:48.098+00:00,,,,,,,,0,0,0.0,0,0,0.0,2019-07-08T16:05:55.754+00:00,2019-07-10T12:33:51.890+00:00,2019-07-10T12:33:51.890+00:00,151,3,1.8527330555573658,145.75889756944446,0,0,0,0,0
u10900,u10900.csv,8301,8301,0,0,0,0,0,neither,0,0,,,,,,,,,0,0,0.0,0,0,0.0,2018-11-25T03:11:00.527+00:00,2019-03-26T00:53:11.601+00:00,2019-03-26T00:53:11.601+00:00,,,,,0,0,0,0,0
u10906,u10906.csv,127,127,0,1,0,1,0,pay_only,0,0,2019-08-07T23:55:27.982+00:00,,,,,,,,0,0,0.0,0,0,0.0,2019-08-01T17:15:06.050+00:00,2019-08-17T10:26:58.014+00:00,2019-08-17T10:26:58.014+00:00,14,1,0.003338703703549173,115.06885261574001,0,0,0,0,0
u10908,u10908.csv,1254,1254,0,0,0,0,0,neither,0,0,,,,,,,,,0,0,0.0,0,0,0.0,2019-02-08T00:42:37.417+00:00,2019-11-08T02:25:25.853+00:00,2019-11-08T02:25:25.853+00:00,,,,,0,0,0,0,0
u10909,u10909.csv,83,83,0,1,0,1,0,pay_only,0,0,2019-07-17T02:22:20.241+00:00,,,,,,,,0,0,0.0,0,0,0.0,2019-07-21T11:39:53.215+00:00,2019-07-21T12:04:13.193+00:00,2019-07-21T12:04:13.193+00:00,82,1,0.016897893520417036,136.96685887731613,0,0,0,0,0
u1091,u1091.csv,3327,3327,0,1,0,1,0,pay_only,0,0,2019-07-15T07:54:32.082+00:00,,,,,,,,0,0,0.0,0,0,0.0,2019-07-09T11:31:20.480+00:00,2019-07-24T15:43:48.560+00:00,2019-07-24T15:43:48.560+00:00,1884,6,8.94973304398082,138.7361662731485,0,0,0,0,0
u10912,u10912.csv,5524,5524,0,1,0,1,0,pay_only,0,0,2019-05-25T19:17:11.901+00:00,,,,,,,,0,0,0.0,0,0,0.0,2019-05-25T06:26:14.868+00:00,2019-11-09T00:20:55.378+00:00,2019-11-09T00:20:55.378+00:00,5499,26,166.8355229745364,189.2620942939818,0,0,0,0,0
u10913,u10913.csv,154,154,0,1,0,1,0,pay_only,0,0,2019-08-27T02:37:16.827+00:00,,,,,,,,0,0,0.0,0,0,0.0,2019-08-28T09:15:42.290+00:00,2019-10-30T14:08:31.415+00:00,2019-10-30T14:08:31.415+00:00,153,7,63.20334635416667,95.95648172453873,0,0,0,0,0
u10916,u10916.csv,35024,35024,0,1,0,1,0,pay_only,0,0,2019-08-07T16:32:43.695+00:00,,,,,,,,0,0,0.0,0,0,0.0,2019-06-01T06:29:40.432+00:00,2019-11-16T06:31:53.548+00:00,2019-11-16T06:31:53.548+00:00,33260,49,100.19850175925978,115.37630964120505,0,0,0,0,0
u10918,u10918.csv,11,11,0,1,1,1,1,pay_then_refund,1,1,2019-09-01T18:01:49.850+00:00,2019-09-01T22:07:50.437+00:00,2019-09-01T18:01:49.850+00:00,2019-09-01T22:07:50.437+00:00,4.100163055592113,0.17084012731633805,,,0,0,0.0,0,0,0.0,2019-09-02T02:05:49.170+00:00,2019-09-02T02:07:01.859+00:00,2019-09-02T02:07:01.859+00:00,,,,90.3144328472239,0,0,0,0,0
u10919,u10919.csv,59,59,0,0,0,0,0,neither,0,0,,,,,,,,,0,0,0.0,0,0,0.0,2019-08-22T23:15:45.819+00:00,2019-09-02T02:13:59.793+00:00,2019-09-02T02:13:59.793+00:00,,,,,0,0,0,0,0
u1092,u1092.csv,598,598,0,1,0,1,0,pay_only,0,0,2019-09-02T08:25:22.311+00:00,,,,,,,,0,0,0.0,0,0,0.0,2019-07-06T14:53:24.063+00:00,2019-10-03T17:36:44.074+00:00,2019-10-03T17:36:44.074+00:00,463,5,31.007095983795544,89.71475158564746,0,0,0,0,0
u10923,u10923.csv,131,131,0,0,0,0,0,neither,0,0,,,,,,,,,0,0,0.0,0,0,0.0,2019-09-02T02:05:57.746+00:00,2019-09-03T06:35:13.980+00:00,2019-09-03T06:35:13.980+00:00,,,,,0,0,0,0,0
u10926,u10926.csv,6685,6685,0,0,0,0,0,neither,0,0,,,,,,,,,0,0,0.0,0,0,0.0,2019-08-05T05:29:23.033+00:00,2019-10-26T02:18:55.101+00:00,2019-10-26T02:18:55.101+00:00,,,,,0,0,0,0,0
u10927,u10927.csv,586,586,0,1,0,1,0,pay_only,0,0,2019-09-01T17:49:18.329+00:00,,,,,,,,0,0,0.0,0,0,0.0,2019-08-13T23:32:03.077+00:00,2019-09-24T10:33:48.794+00:00,2019-09-24T10:33:48.794+00:00,567,10,22.41155620370198,90.32313100694506,0,0,0,0,0
u10928,u10928.csv,131,131,0,0,0,0,0,neither,0,0,,,,,,,,,0,0,0.0,0,0,0.0,2019-07-05T09:16:03.666+00:00,2019-09-02T02:09:56.966+00:00,2019-09-02T02:09:56.966+00:00,,,,,0,0,0,0,0
u10929,u10929.csv,665,665,0,1,0,1,0,pay_only,0,0,2019-07-28T18:20:55.270+00:00,,,,,,,,0,0,0.0,0,0,0.0,2019-07-12T06:26:29.131+00:00,2019-09-17T06:53:02.702+00:00,2019-09-17T06:53:02.702+00:00,191,10,50.0078149652757,125.30117567129709,0,0,0,0,0
u10932,u10932.csv,28,28,0,1,0,1,0,pay_only,0,0,2019-08-01T20:00:54.095+00:00,,,,,,,,0,0,0.0,0,0,0.0,2019-08-02T04:56:31.416+00:00,2019-08-02T04:59:43.824+00:00,2019-08-02T04:59:43.824+00:00,27,1,0.002226944444356141,121.23174482638913,0,0,0,0,0
u10933,u10933.csv,33,33,0,0,0,0,0,neither,0,0,,,,,,,,,0,0,0.0,0,0,0.0,2019-09-02T02:10:31.282+00:00,2019-09-02T02:13:33.057+00:00,2019-09-02T02:13:33.057+00:00,,,,,0,0,0,0,0
u10935,u10935.csv,6333,6333,0,0,0,0,0,neither,0,0,,,,,,,,,0,0,0.0,0,0,0.0,2019-07-14T04:17:36.406+00:00,2019-11-09T07:12:05.099+00:00,2019-11-09T07:12:05.099+00:00,,,,,0,0,0,0,0
u1094,u1094.csv,88,88,0,0,0,0,0,neither,0,0,,,,,,,,,0,0,0.0,0,0,0.0,2019-07-09T08:55:44.844+00:00,2019-07-25T06:10:32.026+00:00,2019-07-25T06:10:32.026+00:00,,,,,0,0,0,0,0
u10941,u10941.csv,2369,2369,0,1,1,2,1,pay_then_refund,1,1,2019-08-17T16:55:56.423+00:00,2019-08-18T17:03:33.946+00:00,2019-08-17T16:55:56.423+00:00,2019-08-18T17:03:33.946+00:00,24.12708972222275,1.0052954050926146,2019-08-17T23:13:28.621+00:00,2019-08-18T12:35:37.797+00:00,40,2,0.5570506481467574,40,2,0.5570506481467574,2019-08-17T23:13:28.621+00:00,2019-11-08T04:29:57.493+00:00,2019-11-08T04:29:57.493+00:00,,,,105.36019010416611,0,0,0,0,0
u10942,u10942.csv,6,6,0,1,0,1,0,pay_only,0,0,2019-04-30T04:53:23.020+00:00,,,,,,,,0,0,0.0,0,0,0.0,2019-05-02T15:25:21.004+00:00,2019-05-02T15:25:57.487+00:00,2019-05-02T15:25:57.487+00:00,5,1,0.0004222569449080361,214.86196560185266,0,0,0,0,0
u10943,u10943.csv,118,118,0,1,0,1,0,pay_only,0,0,2019-08-21T06:50:51.192+00:00,,,,,,,,0,0,0.0,0,0,0.0,2019-05-17T10:58:10.925+00:00,2019-05-22T08:50:22.965+00:00,2019-08-21T06:50:51.192+00:00,0,0,0.0,101.78038953703863,0,0,0,0,0
u10946,u10946.csv,877,877,0,0,0,0,0,neither,0,0,,,,,,,,,0,0,0.0,0,0,0.0,2019-06-27T11:46:41.346+00:00,2019-11-08T03:39:33.027+00:00,2019-11-08T03:39:33.027+00:00,,,,,0,0,0,0,0
u10948,u10948.csv,1356,1356,0,0,0,0,0,neither,0,0,,,,,,,,,0,0,0.0,0,0,0.0,2019-09-01T07:25:27.988+00:00,2019-10-17T11:56:42.025+00:00,2019-10-17T11:56:42.025+00:00,,,,,0,0,0,0,0
u10949,u10949.csv,17283,17283,0,1,0,2,0,pay_only,0,0,2019-03-20T22:50:35.177+00:00,,,,,,,,0,0,0.0,0,0,0.0,2019-03-21T00:27:16.063+00:00,2019-11-24T00:21:56.308+00:00,2019-11-24T00:21:56.308+00:00,17281,75,247.99629913194588,255.1139082291667,0,0,0,0,0
u1095,u1095.csv,3862,3862,0,1,0,1,0,pay_only,0,0,2019-06-21T04:09:23.368+00:00,,,,,,,,0,0,0.0,0,0,0.0,2019-06-21T13:02:03.496+00:00,2019-07-13T03:04:27.219+00:00,2019-07-13T03:04:27.219+00:00,3861,11,21.584996793982054,162.89251712962985,0,0,0,0,0
u10950,u10950.csv,18,18,0,0,0,0,0,neither,0,0,,,,,,,,,0,0,0.0,0,0,0.0,2019-09-02T02:14:58.232+00:00,2019-09-02T02:15:16.506+00:00,2019-09-02T02:15:16.506+00:00,,,,,0,0,0,0,0
u10952,u10952.csv,20,20,0,0,0,0,0,neither,0,0,,,,,,,,,0,0,0.0,0,0,0.0,2019-09-02T02:14:56.903+00:00,2019-09-02T02:16:20.627+00:00,2019-09-02T02:16:20.627+00:00,,,,,0,0,0,0,0
u10953,u10953.csv,34,34,0,1,0,1,0,pay_only,0,0,2019-07-30T23:16:47.521+00:00,,,,,,,,0,0,0.0,0,0,0.0,2019-08-06T08:09:19.347+00:00,2019-08-25T10:28:58.176+00:00,2019-08-25T10:28:58.176+00:00,33,3,19.096977187502716,123.09570980324237,0,0,0,0,0
u10955,u10955.csv,2331,2331,0,0,0,0,0,neither,0,0,,,,,,,,,0,0,0.0,0,0,0.0,2019-04-25T08:07:51.342+00:00,2019-09-27T11:16:13.173+00:00,2019-09-27T11:16:13.173+00:00,,,,,0,0,0,0,0
u10956,u10956.csv,100,100,0,0,0,0,0,neither,0,0,,,,,,,,,0,0,0.0,0,0,0.0,2019-07-29T12:59:17.867+00:00,2019-09-02T02:22:06.646+00:00,2019-09-02T02:22:06.646+00:00,,,,,0,0,0,0,0
u10957,u10957.csv,1045,1045,0,1,0,1,0,pay_only,0,0,2019-07-01T22:19:59.456+00:00,,,,,,,,0,0,0.0,0,0,0.0,2019-07-01T14:40:42.383+00:00,2019-09-05T14:25:56.244+00:00,2019-09-05T14:25:56.244+00:00,1012,15,65.28809468750049,152.13515499999954,0,0,0,0,0
u10958,u10958.csv,15,15,0,1,0,1,0,pay_only,0,0,2019-08-24T22:05:15.845+00:00,,,,,,,,0,0,0.0,0,0,0.0,2019-08-28T04:13:05.787+00:00,2019-08-28T04:19:30.855+00:00,2019-08-28T04:19:30.855+00:00,14,1,0.0044568055564606635,98.14538197916691,0,0,0,0,0
u1096,u1096.csv,22790,22790,0,1,0,2,0,pay_only,0,0,2019-01-11T02:39:16.791+00:00,,,,,,,,0,0,0.0,0,0,0.0,2019-01-12T03:06:19.876+00:00,2019-09-11T08:22:07.440+00:00,2019-09-11T08:22:07.440+00:00,22788,87,242.21930050926076,323.95509325231666,0,0,0,0,0
u10960,u10960.csv,1824,1824,0,0,0,0,0,neither,0,0,,,,,,,,,0,0,0.0,0,0,0.0,2019-05-13T23:25:06.408+00:00,2019-09-27T03:41:24.592+00:00,2019-09-27T03:41:24.592+00:00,,,,,0,0,0,0,0
u10961,u10961.csv,21201,21201,0,1,0,1,0,pay_only,0,0,2019-09-01T17:16:06.374+00:00,,,,,,,,0,0,0.0,0,0,0.0,2019-08-07T01:34:13.937+00:00,2019-10-28T07:14:31.963+00:00,2019-10-28T07:14:31.963+00:00,11955,22,56.2063849537047,90.3461860416664,0,0,0,0,0
u10962,u10962.csv,20594,20594,0,1,0,2,0,pay_only,0,0,2019-07-11T05:52:59.093+00:00,,,,,,,,0,0,0.0,0,0,0.0,2019-07-11T14:53:40.231+00:00,2019-11-27T13:56:35.118+00:00,2019-11-27T13:56:35.118+00:00,20592,66,138.9603574884269,142.8205758680569,0,0,0,0,0
u10963,u10963.csv,3420,3420,0,1,0,1,0,pay_only,0,0,2019-07-24T19:31:43.242+00:00,,,,,,,,0,0,0.0,0,0,0.0,2018-12-14T13:56:34.739+00:00,2019-11-08T03:25:52.016+00:00,2019-11-08T03:25:52.016+00:00,3330,39,105.65192059027927,129.25200932870308,0,0,0,0,0
u10964,u10964.csv,5467,5467,0,1,0,1,0,pay_only,0,0,2019-06-30T21:45:26.970+00:00,,,,,,,,0,0,0.0,0,0,0.0,2019-07-10T11:50:38.424+00:00,2019-09-07T16:00:39.665+00:00,2019-09-07T16:00:39.665+00:00,5466,14,59.17362547453631,153.15914210648174,0,0,0,0,0
u10965,u10965.csv,42,42,0,0,0,0,0,neither,0,0,,,,,,,,,0,0,0.0,0,0,0.0,2019-09-02T02:17:30.694+00:00,2019-09-02T02:24:49.382+00:00,2019-09-02T02:24:49.382+00:00,,,,,0,0,0,0,0
u10966,u10966.csv,23,23,0,0,0,0,0,neither,0,0,,,,,,,,,0,0,0.0,0,0,0.0,2019-09-02T02:17:32.533+00:00,2019-09-02T02:21:07.054+00:00,2019-09-02T02:21:07.054+00:00,,,,,0,0,0,0,0
u1097,u1097.csv,4251,4251,0,1,0,1,0,pay_only,0,0,2019-07-05T03:15:01.174+00:00,,,,,,,,0,0,0.0,0,0,0.0,2019-07-05T08:18:02.716+00:00,2019-10-03T08:40:37.611+00:00,2019-10-03T08:40:37.611+00:00,4250,12,90.01568165509237,148.93027400462992,0,0,0,0,0
u10973,u10973.csv,2422,2422,0,0,0,0,0,neither,0,0,,,,,,,,,0,0,0.0,0,0,0.0,2019-09-02T02:18:55.828+00:00,2019-11-16T05:05:55.778+00:00,2019-11-16T05:05:55.778+00:00,,,,,0,0,0,0,0
u10974,u10974.csv,70,70,0,0,0,0,0,neither,0,0,,,,,,,,,0,0,0.0,0,0,0.0,2019-07-19T16:12:23.684+00:00,2019-09-20T04:06:04.328+00:00,2019-09-20T04:06:04.328+00:00,,,,,0,0,0,0,0
u10978,u10978.csv,443,443,0,0,0,0,0,neither,0,0,,,,,,,,,0,0,0.0,0,0,0.0,2019-07-18T01:04:34.376+00:00,2019-09-05T01:49:33.792+00:00,2019-09-05T01:49:33.792+00:00,,,,,0,0,0,0,0
u10979,u10979.csv,408,408,0,1,0,1,0,pay_only,0,0,2019-08-25T17:48:40.033+00:00,,,,,,,,0,0,0.0,0,0,0.0,2019-08-28T08:19:06.402+00:00,2019-10-14T08:32:51.997+00:00,2019-10-14T08:32:51.997+00:00,407,4,47.00955549768552,97.32357424768584,0,0,0,0,0
u1098,u1098.csv,453,453,0,1,0,1,0,pay_only,0,0,2019-07-08T22:35:20.413+00:00,,,,,,,,0,0,0.0,0,0,0.0,2019-07-09T14:27:26.157+00:00,2019-07-12T05:12:26.259+00:00,2019-07-12T05:12:26.259+00:00,452,4,2.614584513888867,145.1244957754623,0,0,0,0,0
u10980,u10980.csv,4483,4483,0,0,0,0,0,neither,0,0,,,,,,,,,0,0,0.0,0,0,0.0,2019-05-29T04:44:52.419+00:00,2019-09-20T05:06:24.783+00:00,2019-09-20T05:06:24.783+00:00,,,,,0,0,0,0,0
u10981,u10981.csv,2483,2483,0,1,0,1,0,pay_only,0,0,2019-09-01T17:40:32.235+00:00,,,,,,,,0,0,0.0,0,0,0.0,2019-09-02T02:20:41.710+00:00,2019-09-03T07:15:14.317+00:00,2019-09-03T07:15:14.317+00:00,2482,2,1.204544062498543,90.32922005787216,0,0,0,0,0
u10982,u10982.csv,35,35,0,0,0,0,0,neither,0,0,,,,,,,,,0,0,0.0,0,0,0.0,2019-09-02T02:20:51.486+00:00,2019-09-02T02:24:02.205+00:00,2019-09-02T02:24:02.205+00:00,,,,,0,0,0,0,0
u10983,u10983.csv,1759,1759,0,0,0,0,0,neither,0,0,,,,,,,,,0,0,0.0,0,0,0.0,2019-04-25T22:54:39.118+00:00,2019-11-06T12:57:15.022+00:00,2019-11-06T12:57:15.022+00:00,,,,,0,0,0,0,0
u10985,u10985.csv,55570,55570,0,0,0,0,0,neither,0,0,,,,,,,,,0,0,0.0,0,0,0.0,2019-09-01T07:55:57.048+00:00,2019-10-21T12:43:49.094+00:00,2019-10-21T12:43:49.094+00:00,,,,,0,0,0,0,0
u10986,u10986.csv,31,31,0,0,0,0,0,neither,0,0,,,,,,,,,0,0,0.0,0,0,0.0,2019-09-02T02:23:24.324+00:00,2019-09-02T02:28:58.832+00:00,2019-09-02T02:28:58.832+00:00,,,,,0,0,0,0,0
u10987,u10987.csv,29422,29422,0,1,0,1,0,pay_only,0,0,2019-07-19T00:23:48.846+00:00,,,,,,,,0,0,0.0,0,0,0.0,2019-07-19T08:34:55.727+00:00,2019-11-16T06:08:35.445+00:00,2019-11-16T06:08:35.445+00:00,29421,75,119.89837636573999,135.0491666898159,0,0,0,0,0
u10988,u10988.csv,9426,9426,0,0,0,0,0,neither,0,0,,,,,,,,,0,0,0.0,0,0,0.0,2018-11-21T03:05:31.553+00:00,2019-11-26T03:14:27.018+00:00,2019-11-26T03:14:27.018+00:00,,,,,0,0,0,0,0
u10989,u10989.csv,11,11,0,0,0,0,0,neither,0,0,,,,,,,,,0,0,0.0,0,0,0.0,2019-09-02T02:23:55.246+00:00,2019-09-02T02:24:40.795+00:00,2019-09-02T02:24:40.795+00:00,,,,,0,0,0,0,0
u1099,u1099.csv,207,207,0,0,0,0,0,neither,0,0,,,,,,,,,0,0,0.0,0,0,0.0,2019-07-07T14:19:26.897+00:00,2019-07-11T13:56:15.194+00:00,2019-07-11T13:56:15.194+00:00,,,,,0,0,0,0,0
u10990,u10990.csv,621,621,0,0,0,0,0,neither,0,0,,,,,,,,,0,0,0.0,0,0,0.0,2018-10-13T09:06:28.553+00:00,2019-11-27T01:08:44.261+00:00,2019-11-27T01:08:44.261+00:00,,,,,0,0,0,0,0
u10993,u10993.csv,53,53,0,0,0,0,0,neither,0,0,,,,,,,,,0,0,0.0,0,0,0.0,2019-09-10T13:23:20.289+00:00,2019-09-10T13:28:58.986+00:00,2019-09-10T13:28:58.986+00:00,,,,,0,0,0,0,0
u10998,u10998.csv,1344,1344,0,1,0,1,0,pay_only,0,0,2019-08-31T19:49:41.221+00:00,,,,,,,,0,0,0.0,0,0,0.0,2019-09-01T04:44:48.147+00:00,2019-09-23T05:18:59.594+00:00,2019-09-23T05:18:59.594+00:00,1343,6,22.023743599537347,91.2395327199085,0,0,0,0,0
u11,u11.csv,16097,16097,0,0,0,0,0,neither,0,0,,,,,,,,,0,0,0.0,0,0,0.0,2019-08-24T23:43:54.081+00:00,2019-11-27T00:48:31.439+00:00,2019-11-27T00:48:31.439+00:00,,,,,0,0,0,0,0
u1100,u1100.csv,1770,1770,0,1,0,1,0,pay_only,0,0,2019-01-24T21:56:40.292+00:00,,,,,,,,0,0,0.0,0,0,0.0,2019-01-25T06:46:55.277+00:00,2019-05-11T15:45:18.038+00:00,2019-05-11T15:45:18.038+00:00,1769,3,106.37387454861292,310.1513490277777,0,0,0,0,0
u11002,u11002.csv,534,534,0,1,0,1,0,pay_only,0,0,2019-08-31T06:41:11.163+00:00,,,,,,,,0,0,0.0,0,0,0.0,2019-08-31T10:52:01.906+00:00,2019-09-17T16:46:19.911+00:00,2019-09-17T16:46:19.911+00:00,533,9,17.24604172453836,91.78710283564749,0,0,0,0,0
u11004,u11004.csv,30,30,0,0,0,0,0,neither,0,0,,,,,,,,,0,0,0.0,0,0,0.0,2019-09-02T02:28:09.496+00:00,2019-09-02T03:07:27.135+00:00,2019-09-02T03:07:27.135+00:00,,,,,0,0,0,0,0
u11006,u11006.csv,42,42,0,0,0,0,0,neither,0,0,,,,,,,,,0,0,0.0,0,0,0.0,2019-09-02T02:28:49.160+00:00,2019-09-02T02:32:09.672+00:00,2019-09-02T02:32:09.672+00:00,,,,,0,0,0,0,0
u11007,u11007.csv,222,222,0,0,0,0,0,neither,0,0,,,,,,,,,0,0,0.0,0,0,0.0,2019-06-24T03:05:01.637+00:00,2019-06-24T03:46:43.170+00:00,2019-06-24T03:46:43.170+00:00,,,,,0,0,0,0,0
u11008,u11008.csv,638,638,0,1,0,1,0,pay_only,0,0,2019-03-06T16:03:36.989+00:00,,,,,,,,0,0,0.0,0,0,0.0,2019-03-07T03:05:47.020+00:00,2019-05-24T06:59:05.742+00:00,2019-05-24T06:59:05.742+00:00,637,4,78.16202224537179,269.396526145833,0,0,0,0,0
u1101,u1101.csv,266,266,0,0,0,0,0,neither,0,0,,,,,,,,,0,0,0.0,0,0,0.0,2019-02-02T04:06:07.544+00:00,2019-07-09T15:42:14.013+00:00,2019-07-09T15:42:14.013+00:00,,,,,0,0,0,0,0
u11011,u11011.csv,33912,33912,0,1,0,1,0,pay_only,0,0,2019-08-24T16:55:25.634+00:00,,,,,,,,0,0,0.0,0,0,0.0,2019-08-24T14:20:45.760+00:00,2019-10-26T06:07:48.228+00:00,2019-10-26T06:07:48.228+00:00,33874,61,62.1128789236093,98.36054645833318,0,0,0,0,0
u11013,u11013.csv,224,224,0,1,0,1,0,pay_only,0,0,2019-08-24T05:42:01.594+00:00,,,,,,,,0,0,0.0,0,0,0.0,2019-08-19T13:20:16.248+00:00,2019-09-02T02:38:48.107+00:00,2019-09-02T02:38:48.107+00:00,8,1,0.005538148148744195,98.82818581018459,0,0,0,0,0
u1102,u1102.csv,1373,1373,0,1,0,1,0,pay_only,0,0,2019-06-24T07:25:58.172+00:00,,,,,,,,0,0,0.0,0,0,0.0,2019-06-11T15:22:39.236+00:00,2019-07-13T15:09:09.293+00:00,2019-07-13T15:09:09.293+00:00,1337,15,18.65462112268364,159.7560031944458,0,0,0,0,0
u11021,u11021.csv,23,23,0,0,0,0,0,neither,0,0,,,,,,,,,0,0,0.0,0,0,0.0,2019-09-02T02:31:18.913+00:00,2019-09-02T02:34:44.415+00:00,2019-09-02T02:34:44.415+00:00,,,,,0,0,0,0,0
u11022,u11022.csv,1899,1899,0,0,0,0,0,neither,0,0,,,,,,,,,0,0,0.0,0,0,0.0,2019-05-16T06:34:06.671+00:00,2019-07-24T03:08:43.713+00:00,2019-07-24T03:08:43.713+00:00,,,,,0,0,0,0,0
u11024,u11024.csv,67,67,0,0,0,0,0,neither,0,0,,,,,,,,,0,0,0.0,0,0,0.0,2019-09-02T02:34:33.444+00:00,2019-10-05T08:19:28.323+00:00,2019-10-05T08:19:28.323+00:00,,,,,0,0,0,0,0
u11025,u11025.csv,807,807,0,0,0,0,0,neither,0,0,,,,,,,,,0,0,0.0,0,0,0.0,2019-02-07T08:22:29.864+00:00,2019-05-01T08:07:18.454+00:00,2019-05-01T08:07:18.454+00:00,,,,,0,0,0,0,0
u11026,u11026.csv,3,3,0,0,0,0,0,neither,0,0,,,,,,,,,0,0,0.0,0,0,0.0,2019-09-02T02:32:51.811+00:00,2019-09-02T02:33:24.918+00:00,2019-09-02T02:33:24.918+00:00,,,,,0,0,0,0,0
u1103,u1103.csv,1754,1754,0,0,0,0,0,neither,0,0,,,,,,,,,0,0,0.0,0,0,0.0,2019-07-09T13:03:02.939+00:00,2019-07-14T12:17:28.189+00:00,2019-07-14T12:17:28.189+00:00,,,,,0,0,0,0,0
u11030,u11030.csv,295,295,0,0,0,0,0,neither,0,0,,,,,,,,,0,0,0.0,0,0,0.0,2019-07-30T23:24:29.821+00:00,2019-09-02T02:37:59.729+00:00,2019-09-02T02:37:59.729+00:00,,,,,0,0,0,0,0
u11031,u11031.csv,47,47,0,1,0,1,0,pay_only,0,0,2019-08-26T19:29:48.594+00:00,,,,,,,,0,0,0.0,0,0,0.0,2019-08-27T06:07:43.789+00:00,2019-09-11T01:49:14.333+00:00,2019-09-11T01:49:14.333+00:00,46,3,14.82049240740637,96.25333627314755,0,0,0,0,0
u11033,u11033.csv,33,33,0,0,0,0,0,neither,0,0,,,,,,,,,0,0,0.0,0,0,0.0,2019-09-02T02:33:49.628+00:00,2019-09-02T02:39:06.092+00:00,2019-09-02T02:39:06.092+00:00,,,,,0,0,0,0,0
u11036,u11036.csv,8105,8105,0,1,0,1,0,pay_only,0,0,2019-10-01T16:15:12.131+00:00,,,,,,,,0,0,0.0,0,0,0.0,2018-12-20T12:17:21.463+00:00,2019-10-10T17:12:47.318+00:00,2019-10-10T17:12:47.318+00:00,2039,8,8.663292048612126,60.38848052083342,0,0,0,0,0
u11039,u11039.csv,812,812,0,1,0,2,0,pay_only,0,0,2019-05-18T20:29:46.399+00:00,,,,,,,,0,0,0.0,0,0,0.0,2019-06-11T03:46:29.515+00:00,2019-08-08T14:50:21.473+00:00,2019-08-08T14:50:21.473+00:00,810,7,58.46101803240677,196.21169501157547,0,0,0,0,0
u1104,u1104.csv,2802,2802,0,0,0,0,0,neither,0,0,,,,,,,,,0,0,0.0,0,0,0.0,2019-07-04T10:56:49.681+00:00,2019-08-14T01:21:04.760+00:00,2019-08-14T01:21:04.760+00:00,,,,,0,0,0,0,0
u11040,u11040.csv,17222,17222,0,0,0,0,0,neither,0,0,,,,,,,,,0,0,0.0,0,0,0.0,2019-01-16T09:24:48.666+00:00,2019-06-03T07:24:54.283+00:00,2019-06-03T07:24:54.283+00:00,,,,,0,0,0,0,0
u11042,u11042.csv,8251,8251,0,1,0,1,0,pay_only,0,0,2019-07-16T16:31:12.353+00:00,,,,,,,,0,0,0.0,0,0,0.0,2019-06-13T23:36:37.688+00:00,2019-11-10T00:40:27.284+00:00,2019-11-10T00:40:27.284+00:00,7838,74,116.06148666666614,137.37736684027922,0,0,0,0,0
u11043,u11043.csv,596,596,0,0,0,0,0,neither,0,0,,,,,,,,,0,0,0.0,0,0,0.0,2019-08-26T02:30:50.450+00:00,2019-09-07T12:25:17.197+00:00,2019-09-07T12:25:17.197+00:00,,,,,0,0,0,0,0
u11044,u11044.csv,22,22,0,0,0,0,0,neither,0,0,,,,,,,,,0,0,0.0,0,0,0.0,2019-09-02T02:37:35.658+00:00,2019-09-02T02:39:53.225+00:00,2019-09-02T02:39:53.225+00:00,,,,,0,0,0,0,0
u11045,u11045.csv,4336,4336,0,1,0,1,0,pay_only,0,0,2019-03-02T07:21:35.097+00:00,,,,,,,,0,0,0.0,0,0,0.0,2019-03-07T03:30:28.544+00:00,2019-11-11T10:30:55.519+00:00,2019-11-11T10:30:55.519+00:00,4335,25,249.29197887731647,273.7590480439834,0,0,0,0,0
u11046,u11046.csv,391,391,0,1,0,2,0,pay_only,0,0,2019-08-17T06:50:56.262+00:00,,,,,,,,0,0,0.0,0,0,0.0,2019-07-26T08:33:07.475+00:00,2019-11-25T03:22:44.847+00:00,2019-11-25T23:23:48.520+00:00,295,6,90.99105810184997,105.78033085648109,0,0,0,0,0
u11047,u11047.csv,2393,2393,0,0,0,0,0,neither,0,0,,,,,,,,,0,0,0.0,0,0,0.0,2019-06-27T07:06:26.355+00:00,2019-08-10T04:58:57.110+00:00,2019-08-10T04:58:57.110+00:00,,,,,0,0,0,0,0
u11049,u11049.csv,242,242,0,1,0,1,0,pay_only,0,0,2019-08-11T08:10:39.490+00:00,,,,,,,,0,0,0.0,0,0,0.0,2019-08-12T06:38:06.197+00:00,2019-08-13T06:37:37.821+00:00,2019-08-13T06:37:37.821+00:00,241,2,0.9996715740749129,111.72496942129676,0,0,0,0,0
u1105,u1105.csv,2063,2063,0,1,0,1,0,pay_only,0,0,2019-06-26T01:30:56.566+00:00,,,,,,,,0,0,0.0,0,0,0.0,2019-06-26T07:13:58.563+00:00,2019-08-11T09:57:28.705+00:00,2019-08-11T09:57:28.705+00:00,2062,16,46.113543310184724,158.00254956018594,0,0,0,0,0
u11052,u11052.csv,16,16,0,1,0,1,0,pay_only,0,0,2019-09-01T17:43:25.722+00:00,,,,,,,,0,0,0.0,0,0,0.0,2019-10-11T07:37:53.664+00:00,2019-11-07T04:13:03.853+00:00,2019-11-07T04:13:03.853+00:00,15,2,26.857756817128372,90.3272121064834,0,0,0,0,0
u11053,u11053.csv,5619,5619,0,1,0,1,0,pay_only,0,0,2019-04-25T19:25:19.766+00:00,,,,,,,,0,0,0.0,0,0,0.0,2019-04-24T15:42:59.103+00:00,2019-10-09T23:52:08.349+00:00,2019-10-09T23:52:08.349+00:00,5562,51,166.80682883101758,219.25644770833352,0,0,0,0,0
u11054,u11054.csv,10394,10394,0,1,0,1,0,pay_only,0,0,2019-03-20T22:48:19.718+00:00,,,,,,,,0,0,0.0,0,0,0.0,2018-12-08T13:23:53.213+00:00,2019-09-28T02:51:27.227+00:00,2019-09-28T02:51:27.227+00:00,6889,71,190.791517870371,255.115476041668,0,0,0,0,0
u11055,u11055.csv,162,162,0,1,0,1,0,pay_only,0,0,2019-04-17T02:12:55.212+00:00,,,,,,,,0,0,0.0,0,0,0.0,2019-04-17T10:52:51.739+00:00,2019-04-21T10:58:51.259+00:00,2019-04-21T10:58:51.259+00:00,161,4,4.00416111111089,227.97339856481662,0,0,0,0,0
u11056,u11056.csv,18,18,0,0,0,0,0,neither,0,0,,,,,,,,,0,0,0.0,0,0,0.0,2019-09-02T02:41:59.283+00:00,2019-09-02T02:44:05.179+00:00,2019-09-02T02:44:05.179+00:00,,,,,0,0,0,0,0
u11057,u11057.csv,4196,4196,0,1,0,1,0,pay_only,0,0,2019-07-29T22:12:22.587+00:00,,,,,,,,0,0,0.0,0,0,0.0,2019-07-20T11:39:40.164+00:00,2019-09-02T14:36:43.200+00:00,2019-09-02T14:36:43.200+00:00,3923,25,34.33213121527875,124.14044283564996,0,0,0,0,0
u11059,u11059.csv,3452,3452,0,0,0,0,0,neither,0,0,,,,,,,,,0,0,0.0,0,0,0.0,2019-02-02T12:09:18.591+00:00,2019-10-27T00:36:34.448+00:00,2019-10-27T00:36:34.448+00:00,,,,,0,0,0,0,0
u1106,u1106.csv,28,28,0,0,0,0,0,neither,0,0,,,,,,,,,0,0,0.0,0,0,0.0,2019-07-06T10:45:51.165+00:00,2019-07-06T10:52:35.904+00:00,2019-07-06T10:52:35.904+00:00,,,,,0,0,0,0,0
u11060,u11060.csv,26,26,0,0,0,0,0,neither,0,0,,,,,,,,,0,0,0.0,0,0,0.0,2019-09-02T02:43:07.308+00:00,2019-09-02T02:45:17.358+00:00,2019-09-02T02:45:17.358+00:00,,,,,0,0,0,0,0
u11062,u11062.csv,3358,3358,0,1,0,2,0,pay_only,0,0,2019-08-08T04:49:20.576+00:00,,,,,,,,0,0,0.0,0,0,0.0,2019-08-08T13:33:12.263+00:00,2019-11-26T13:47:18.553+00:00,2019-11-26T13:47:18.553+00:00,3356,44,110.0097950231477,114.86477166666752,0,0,0,0,0
u11064,u11064.csv,1283,1283,0,1,0,1,0,pay_only,0,0,2019-09-01T17:58:23.263+00:00,,,,,,,,0,0,0.0,0,0,0.0,2019-09-02T02:45:01.860+00:00,2019-09-07T18:03:45.835+00:00,2019-09-07T18:03:45.835+00:00,1282,6,5.638008969909063,90.3168239004634,0,0,0,0,0
u11067,u11067.csv,8343,8343,0,1,0,1,0,pay_only,0,0,2019-07-31T06:26:25.574+00:00,,,,,,,,0,0,0.0,0,0,0.0,2019-07-29T02:23:32.070+00:00,2019-09-27T09:40:40.469+00:00,2019-09-27T09:40:40.469+00:00,7942,51,57.87084824074198,122.79735270833528,0,0,0,0,0
u11068,u11068.csv,5566,5566,0,1,0,1,0,pay_only,0,0,2019-09-04T01:56:40.051+00:00,,,,,,,,0,0,0.0,0,0,0.0,2019-09-02T02:45:35.081+00:00,2019-10-13T05:31:55.006+00:00,2019-10-13T05:31:55.006+00:00,5530,27,38.57820459490849,87.98468515046217,0,0,0,0,0
u1107,u1107.csv,1869,1869,0,0,0,0,0,neither,0,0,,,,,,,,,0,0,0.0,0,0,0.0,2019-07-07T23:52:22.668+00:00,2019-08-31T14:35:50.138+00:00,2019-08-31T14:35:50.138+00:00,,,,,0,0,0,0,0
u11071,u11071.csv,2624,2624,0,0,0,0,0,neither,0,0,,,,,,,,,0,0,0.0,0,0,0.0,2019-07-06T14:53:14.053+00:00,2019-10-23T08:23:38.437+00:00,2019-10-23T08:23:38.437+00:00,,,,,0,0,0,0,0
u11072,u11072.csv,17860,17860,0,1,0,3,0,pay_only,0,0,2018-10-06T01:17:41.283+00:00,,,,,,,,0,0,0.0,0,0,0.0,2018-10-06T09:19:38.577+00:00,2019-10-10T11:29:08.021+00:00,2019-10-10T11:29:08.021+00:00,17857,100,369.0899241203704,421.0117542245377,0,0,0,0,0
u11073,u11073.csv,28,28,0,0,0,0,0,neither,0,0,,,,,,,,,0,0,0.0,0,0,0.0,2019-09-02T02:46:02.517+00:00,2019-09-02T02:49:27.591+00:00,2019-09-02T02:49:27.591+00:00,,,,,0,0,0,0,0
u11075,u11075.csv,2719,2719,0,0,0,0,0,neither,0,0,,,,,,,,,0,0,0.0,0,0,0.0,2019-06-18T03:43:09.007+00:00,2019-09-04T04:31:44.693+00:00,2019-09-04T04:31:44.693+00:00,,,,,0,0,0,0,0
u11078,u11078.csv,1307,1307,0,0,0,0,0,neither,0,0,,,,,,,,,0,0,0.0,0,0,0.0,2019-07-22T03:01:22.823+00:00,2019-08-26T02:04:09.148+00:00,2019-08-26T02:04:09.148+00:00,,,,,0,0,0,0,0
u11079,u11079.csv,4111,4111,0,1,0,1,0,pay_only,0,0,2019-08-06T02:03:08.368+00:00,,,,,,,,0,0,0.0,0,0,0.0,2019-08-06T08:00:14.457+00:00,2019-09-22T05:34:55.838+00:00,2019-09-22T05:34:55.838+00:00,4110,24,46.89909005787086,116.98019074074097,0,0,0,0,0
u1108,u1108.csv,22279,22279,0,1,0,2,0,pay_only,0,0,2018-10-21T05:25:44.980+00:00,,,,,,,,0,0,0.0,0,0,0.0,2018-10-21T14:27:19.824+00:00,2019-10-14T13:18:40.847+00:00,2019-10-14T13:18:40.847+00:00,22277,76,357.95232665509263,405.8394892129633,0,0,0,0,0
u11083,u11083.csv,1576,1576,0,0,0,0,0,neither,0,0,,,,,,,,,0,0,0.0,0,0,0.0,2019-06-06T16:39:47.024+00:00,2019-11-14T09:39:53.307+00:00,2019-11-14T09:39:53.307+00:00,,,,,0,0,0,0,0
u11086,u11086.csv,42,42,0,0,0,0,0,neither,0,0,,,,,,,,,0,0,0.0,0,0,0.0,2019-09-02T02:47:24.668+00:00,2019-09-02T02:57:41.433+00:00,2019-09-02T02:57:41.433+00:00,,,,,0,0,0,0,0
u11087,u11087.csv,1708,1708,0,1,0,1,0,pay_only,0,0,2019-08-28T05:03:23.227+00:00,,,,,,,,0,0,0.0,0,0,0.0,2019-08-29T07:25:35.722+00:00,2019-10-15T07:17:08.705+00:00,2019-10-15T07:17:08.705+00:00,1707,9,46.99413174768565,94.85501876157467,0,0,0,0,0
u11088,u11088.csv,2402,2402,0,1,0,1,0,pay_only,0,0,2018-12-08T01:59:26.281+00:00,,,,,,,,0,0,0.0,0,0,0.0,2018-12-08T10:36:46.875+00:00,2018-12-23T12:50:39.120+00:00,2018-12-23T12:50:39.120+00:00,2401,5,15.092965798609786,357.98276119213136,0,0,0,0,0
u11089,u11089.csv,245,245,0,1,0,1,0,pay_only,0,0,2019-07-18T22:01:53.037+00:00,,,,,,,,0,0,0.0,0,0,0.0,2018-12-05T06:59:49.665+00:00,2019-08-13T23:16:11.939+00:00,2019-08-13T23:16:11.939+00:00,222,5,24.64807906249883,135.14772929398274,0,0,0,0,0
u1109,u1109.csv,15307,15307,0,1,0,1,0,pay_only,0,0,2019-09-11T17:24:42.106+00:00,,,,,,,,0,0,0.0,0,0,0.0,2019-07-08T12:15:33.728+00:00,2019-10-04T06:26:33.332+00:00,2019-10-04T06:26:33.332+00:00,4159,14,18.78950836805558,80.34021692129748,0,0,0,0,0
u11091,u11091.csv,14050,14050,0,1,0,1,0,pay_only,0,0,2019-09-17T16:23:43.811+00:00,,,,,,,,0,0,0.0,0,0,0.0,2019-06-04T11:14:17.965+00:00,2019-11-26T12:00:27.149+00:00,2019-11-26T12:00:27.149+00:00,4454,23,69.81688553240564,74.38255829861043,0,0,0,0,0
u11093,u11093.csv,48,48,0,0,0,0,0,neither,0,0,,,,,,,,,0,0,0.0,0,0,0.0,2019-09-02T02:50:05.845+00:00,2019-09-02T11:59:07.600+00:00,2019-09-02T11:59:07.600+00:00,,,,,0,0,0,0,0
u11096,u11096.csv,3417,3417,0,0,0,0,0,neither,0,0,,,,,,,,,0,0,0.0,0,0,0.0,2019-08-16T13:21:34.941+00:00,2019-11-26T00:08:42.248+00:00,2019-11-26T00:08:42.248+00:00,,,,,0,0,0,0,0
u111,u111.csv,45,45,0,0,0,0,0,neither,0,0,,,,,,,,,0,0,0.0,0,0,0.0,2019-06-26T11:35:14.193+00:00,2019-06-26T11:50:47.663+00:00,2019-06-26T11:50:47.663+00:00,,,,,0,0,0,0,0
u1110,u1110.csv,509,509,0,1,0,2,0,pay_only,0,0,2019-07-09T05:20:38.952+00:00,,,,,,,,0,0,0.0,0,0,0.0,2019-07-08T14:56:53.394+00:00,2019-11-07T14:38:11.983+00:00,2019-11-07T14:38:11.983+00:00,464,8,120.52919082176078,144.8430312037054,0,0,0,0,0
u11100,u11100.csv,27,27,0,0,0,0,0,neither,0,0,,,,,,,,,0,0,0.0,0,0,0.0,2019-09-02T02:51:34.192+00:00,2019-09-02T02:54:31.940+00:00,2019-09-02T02:54:31.940+00:00,,,,,0,0,0,0,0
u11102,u11102.csv,218,218,0,1,0,1,0,pay_only,0,0,2019-07-06T00:55:32.642+00:00,,,,,,,,0,0,0.0,0,0,0.0,2019-07-06T09:37:15.470+00:00,2019-07-22T11:08:42.662+00:00,2019-07-22T11:08:42.662+00:00,217,10,16.06350916666565,148.02713201388994,0,0,0,0,0
u11103,u11103.csv,1917,1917,0,1,0,1,0,pay_only,0,0,2019-06-26T07:16:44.746+00:00,,,,,,,,0,0,0.0,0,0,0.0,2019-06-26T16:17:28.800+00:00,2019-09-02T03:34:51.849+00:00,2019-09-02T03:34:51.849+00:00,1916,28,67.47040565972252,157.76240858796294,0,0,0,0,0
u11104,u11104.csv,7106,7106,0,0,0,0,0,neither,0,0,,,,,,,,,0,0,0.0,0,0,0.0,2018-12-25T10:17:35.770+00:00,2019-10-15T02:52:51.315+00:00,2019-10-15T02:52:51.315+00:00,,,,,0,0,0,0,0
u11105,u11105.csv,414,414,0,0,0,0,0,neither,0,0,,,,,,,,,0,0,0.0,0,0,0.0,2019-07-06T07:49:37.776+00:00,2019-09-02T02:56:15.800+00:00,2019-09-02T02:56:15.800+00:00,,,,,0,0,0,0,0
u11106,u11106.csv,12373,12373,0,1,1,1,1,pay_then_refund,1,1,2019-07-08T22:57:14.131+00:00,2019-10-28T22:50:37.493+00:00,2019-07-08T22:57:14.131+00:00,2019-10-28T22:50:37.493+00:00,2687.8898227777745,111.99540928240728,2019-07-03T05:36:12.251+00:00,2019-10-26T15:34:38.865+00:00,12371,62,115.41558581018613,12326,61,109.08648986111085,2019-07-03T05:36:12.251+00:00,2019-10-26T15:34:38.865+00:00,2019-10-28T22:50:37.493+00:00,,,,145.1092907060186,0,0,0,0,0
u11108,u11108.csv,2061,2061,0,1,0,1,0,pay_only,0,0,2019-03-28T00:54:22.408+00:00,,,,,,,,0,0,0.0,0,0,0.0,2019-03-28T05:09:35.375+00:00,2019-09-18T00:43:11.349+00:00,2019-09-18T00:43:11.349+00:00,2060,34,173.8149996990738,248.02794490740806,0,0,0,0,0
u11109,u11109.csv,443,443,0,0,0,0,0,neither,0,0,,,,,,,,,0,0,0.0,0,0,0.0,2019-09-02T02:54:21.782+00:00,2019-09-03T23:03:24.622+00:00,2019-09-03T23:03:24.622+00:00,,,,,0,0,0,0,0
u1111,u1111.csv,51,51,0,0,0,0,0,neither,0,0,,,,,,,,,0,0,0.0,0,0,0.0,2019-06-27T14:38:33.384+00:00,2019-07-10T02:37:10.302+00:00,2019-07-10T02:37:10.302+00:00,,,,,0,0,0,0,0
u11110,u11110.csv,29,29,0,0,0,0,0,neither,0,0,,,,,,,,,0,0,0.0,0,0,0.0,2019-08-30T20:25:41.793+00:00,2019-08-30T20:28:44.466+00:00,2019-08-30T20:28:44.466+00:00,,,,,0,0,0,0,0
u11111,u11111.csv,9,9,0,0,0,0,0,neither,0,0,,,,,,,,,0,0,0.0,0,0,0.0,2019-09-02T02:54:22.084+00:00,2019-09-02T02:56:53.726+00:00,2019-09-02T02:56:53.726+00:00,,,,,0,0,0,0,0
u11112,u11112.csv,319,319,0,1,0,1,0,pay_only,0,0,2019-09-02T03:36:17.002+00:00,,,,,,,,0,0,0.0,0,0,0.0,2019-09-02T02:55:58.768+00:00,2019-09-02T16:18:04.322+00:00,2019-09-02T16:18:04.322+00:00,186,1,0.528500046296804,89.91550747685135,0,0,0,0,0
u11116,u11116.csv,1535,1535,0,0,0,0,0,neither,0,0,,,,,,,,,0,0,0.0,0,0,0.0,2019-08-16T12:19:39.745+00:00,2019-09-06T09:35:45.991+00:00,2019-09-06T09:35:45.991+00:00,,,,,0,0,0,0,0
u11118,u11118.csv,44,44,0,0,0,0,0,neither,0,0,,,,,,,,,0,0,0.0,0,0,0.0,2019-09-02T02:56:55.406+00:00,2019-09-02T03:03:00.818+00:00,2019-09-02T03:03:00.818+00:00,,,,,0,0,0,0,0
u11119,u11119.csv,3169,3169,0,0,0,0,0,neither,0,0,,,,,,,,,0,0,0.0,0,0,0.0,2019-08-17T22:53:19.609+00:00,2019-09-27T23:41:48.834+00:00,2019-09-27T23:41:48.834+00:00,,,,,0,0,0,0,0
u1112,u1112.csv,2823,2823,0,0,0,0,0,neither,0,0,,,,,,,,,0,0,0.0,0,0,0.0,2019-07-02T04:01:24.038+00:00,2019-08-07T03:53:11.721+00:00,2019-08-07T03:53:11.721+00:00,,,,,0,0,0,0,0
u11120,u11120.csv,1367,1367,0,0,0,0,0,neither,0,0,,,,,,,,,0,0,0.0,0,0,0.0,2019-08-26T07:37:04.329+00:00,2019-11-25T13:35:48.617+00:00,2019-11-25T13:35:48.617+00:00,,,,,0,0,0,0,0
u11121,u11121.csv,4465,4465,0,1,0,1,0,pay_only,0,0,2019-08-19T01:26:57.469+00:00,,,,,,,,0,0,0.0,0,0,0.0,2019-09-09T07:28:18.589+00:00,2019-11-26T12:51:12.840+00:00,2019-11-26T12:51:12.840+00:00,4464,10,78.22423901620286,104.00531688657348,0,0,0,0,0
u11122,u11122.csv,1765,1765,0,0,0,0,0,neither,0,0,,,,,,,,,0,0,0.0,0,0,0.0,2019-08-08T00:54:19.067+00:00,2019-09-06T02:55:10.826+00:00,2019-09-06T02:55:10.826+00:00,,,,,0,0,0,0,0
u11124,u11124.csv,18,18,0,0,0,0,0,neither,0,0,,,,,,,,,0,0,0.0,0,0,0.0,2019-09-02T02:57:37.944+00:00,2019-09-02T03:08:06.776+00:00,2019-09-02T03:08:06.776+00:00,,,,,0,0,0,0,0
u1113,u1113.csv,2400,2400,0,1,0,1,0,pay_only,0,0,2019-06-24T19:01:52.066+00:00,,,,,,,,0,0,0.0,0,0,0.0,2019-06-25T03:46:56.300+00:00,2019-07-27T04:46:32.737+00:00,2019-07-27T04:46:32.737+00:00,2399,17,32.041393946759676,159.27274053240816,0,0,0,0,0
u11132,u11132.csv,1557,1557,0,1,0,1,0,pay_only,0,0,2019-07-13T22:34:18.880+00:00,,,,,,,,0,0,0.0,0,0,0.0,2019-07-14T00:49:35.030+00:00,2019-10-13T00:17:58.822+00:00,2019-10-13T00:17:58.822+00:00,1556,20,90.97805314814879,140.1252079629622,0,0,0,0,0
u11135,u11135.csv,1080,1080,0,1,0,1,0,pay_only,0,0,2019-08-29T17:38:00.568+00:00,,,,,,,,0,0,0.0,0,0,0.0,2019-08-30T01:58:10.681+00:00,2019-09-28T04:29:54.429+00:00,2019-09-28T04:29:54.429+00:00,1079,16,29.105367453702623,93.33097546296263,0,0,0,0,0
u11137,u11137.csv,3984,3984,0,1,0,1,0,pay_only,0,0,2019-08-18T16:37:49.833+00:00,,,,,,,,0,0,0.0,0,0,0.0,2018-09-18T20:49:54.027+00:00,2018-10-12T02:55:55.946+00:00,2019-08-18T16:37:49.833+00:00,0,0,0.0,104.37276637731603,0,0,0,0,0
u1114,u1114.csv,1959,1959,0,1,0,1,0,pay_only,0,0,2019-07-08T14:30:59.713+00:00,,,,,,,,0,0,0.0,0,0,0.0,2019-07-08T23:31:52.592+00:00,2019-08-25T00:25:15.509+00:00,2019-08-25T00:25:15.509+00:00,1958,31,47.03707079861175,145.4608464699073,0,0,0,0,0
u11144,u11144.csv,1743,1743,0,1,0,1,0,pay_only,0,0,2019-08-28T19:28:40.859+00:00,,,,,,,,0,0,0.0,0,0,0.0,2019-08-28T06:36:35.149+00:00,2019-09-05T03:30:30.938+00:00,2019-09-05T03:30:30.938+00:00,1703,8,7.183725231480267,94.2541202430565,0,0,0,0,0
u11147,u11147.csv,3,3,0,0,0,0,0,neither,0,0,,,,,,,,,0,0,0.0,0,0,0.0,2019-09-02T03:03:46.187+00:00,2019-09-02T03:04:11.881+00:00,2019-09-02T03:04:11.881+00:00,,,,,0,0,0,0,0
u11148,u11148.csv,5438,5438,0,1,0,1,0,pay_only,0,0,2019-08-13T19:27:25.488+00:00,,,,,,,,0,0,0.0,0,0,0.0,2019-08-15T12:22:01.647+00:00,2019-09-22T07:26:04.016+00:00,2019-09-22T07:26:04.016+00:00,5437,19,37.79447186342544,109.25499259259414,0,0,0,0,0
u11149,u11149.csv,23,23,0,0,0,0,0,neither,0,0,,,,,,,,,0,0,0.0,0,0,0.0,2019-09-02T03:04:30.119+00:00,2019-09-02T03:08:34.275+00:00,2019-09-02T03:08:34.275+00:00,,,,,0,0,0,0,0
u1115,u1115.csv,2842,2842,0,0,0,0,0,neither,0,0,,,,,,,,,0,0,0.0,0,0,0.0,2019-07-04T16:10:32.446+00:00,2019-07-12T12:16:46.650+00:00,2019-07-12T12:16:46.650+00:00,,,,,0,0,0,0,0
u11151,u11151.csv,43,43,0,1,0,2,0,pay_only,0,0,2019-03-11T04:40:33.872+00:00,,,,,,,,0,0,0.0,0,0,0.0,2019-03-30T12:05:19.794+00:00,2019-03-30T12:22:18.420+00:00,2019-08-26T07:58:35.531+00:00,41,1,0.011789652779698371,264.8708677777786,0,0,0,0,0
u11153,u11153.csv,1438,1438,0,0,0,0,0,neither,0,0,,,,,,,,,0,0,0.0,0,0,0.0,2019-08-23T12:01:16.999+00:00,2019-09-11T07:54:46.928+00:00,2019-09-11T07:54:46.928+00:00,,,,,0,0,0,0,0
u11154,u11154.csv,30,30,0,0,0,0,0,neither,0,0,,,,,,,,,0,0,0.0,0,0,0.0,2019-09-02T03:04:47.351+00:00,2019-09-02T03:12:41.570+00:00,2019-09-02T03:12:41.570+00:00,,,,,0,0,0,0,0
u11155,u11155.csv,27,27,0,0,0,0,0,neither,0,0,,,,,,,,,0,0,0.0,0,0,0.0,2019-09-02T03:06:31.676+00:00,2019-09-02T03:08:53.949+00:00,2019-09-02T03:08:53.949+00:00,,,,,0,0,0,0,0
u11156,u11156.csv,24193,24193,0,0,0,0,0,neither,0,0,,,,,,,,,0,0,0.0,0,0,0.0,2018-09-28T11:18:20.596+00:00,2019-11-26T14:53:05.244+00:00,2019-11-26T14:53:05.244+00:00,,,,,0,0,0,0,0
u1116,u1116.csv,3929,3929,0,0,0,0,0,neither,0,0,,,,,,,,,0,0,0.0,0,0,0.0,2019-07-10T03:14:43.704+00:00,2019-08-02T07:29:06.551+00:00,2019-08-02T07:29:06.551+00:00,,,,,0,0,0,0,0
u11164,u11164.csv,7694,7694,0,0,0,0,0,neither,0,0,,,,,,,,,0,0,0.0,0,0,0.0,2018-09-11T05:08:10.392+00:00,2019-08-07T12:06:04.885+00:00,2019-08-07T12:06:04.885+00:00,,,,,0,0,0,0,0
u11165,u11165.csv,7780,7780,0,1,0,1,0,pay_only,0,0,2019-08-06T20:33:44.681+00:00,,,,,,,,0,0,0.0,0,0,0.0,2019-08-07T05:56:34.019+00:00,2019-09-06T03:17:27.197+00:00,2019-09-06T03:17:27.197+00:00,7779,22,29.889504374999692,116.2089371180562,0,0,0,0,0
u11168,u11168.csv,6174,6174,0,1,0,1,0,pay_only,0,0,2019-06-19T23:07:38.281+00:00,,,,,,,,0,0,0.0,0,0,0.0,2019-06-18T23:55:29.559+00:00,2019-11-11T01:15:59.905+00:00,2019-11-11T01:15:59.905+00:00,6115,81,143.54770606481367,164.10206674768693,0,0,0,0,0
u11169,u11169.csv,3988,3988,0,1,0,2,0,pay_only,0,0,2019-07-31T20:51:26.515+00:00,,,,,,,,0,0,0.0,0,0,0.0,2019-07-30T12:56:28.918+00:00,2019-09-19T12:37:30.322+00:00,2019-09-19T12:37:30.322+00:00,3959,19,49.22327758101953,122.19664737268454,0,0,0,0,0
u1117,u1117.csv,1842,1842,0,1,0,1,0,pay_only,0,0,2019-05-09T01:55:23.306+00:00,,,,,,,,0,0,0.0,0,0,0.0,2019-03-28T13:33:59.843+00:00,2019-07-29T10:46:04.887+00:00,2019-07-29T10:46:04.887+00:00,1516,21,80.99667451388858,205.9855734027784,0,0,0,0,0
u11170,u11170.csv,2014,2014,0,1,0,2,0,pay_only,0,0,2018-09-03T13:03:45.248+00:00,,,,,,,,0,0,0.0,0,0,0.0,2018-09-28T10:56:49.220+00:00,2018-10-27T23:00:48.853+00:00,2019-09-05T13:51:02.013+00:00,2012,4,29.5027735300914,453.52143055555723,0,0,0,0,0
u11172,u11172.csv,30,30,0,1,0,1,0,pay_only,0,0,2019-09-01T18:08:50.936+00:00,,,,,,,,0,0,0.0,0,0,0.0,2019-07-29T15:46:09.362+00:00,2019-07-29T15:51:18.112+00:00,2019-09-01T18:08:50.936+00:00,0,0,0.0,90.30955916666598,0,0,0,0,0
u11176,u11176.csv,29,29,0,0,0,0,0,neither,0,0,,,,,,,,,0,0,0.0,0,0,0.0,2019-09-02T03:10:53.564+00:00,2019-09-02T03:13:58.735+00:00,2019-09-02T03:13:58.735+00:00,,,,,0,0,0,0,0
u11178,u11178.csv,4833,4833,0,0,0,0,0,neither,0,0,,,,,,,,,0,0,0.0,0,0,0.0,2019-04-08T02:33:10.640+00:00,2019-05-16T00:31:33.987+00:00,2019-05-16T00:31:33.987+00:00,,,,,0,0,0,0,0
u11179,u11179.csv,5481,5481,0,0,0,0,0,neither,0,0,,,,,,,,,0,0,0.0,0,0,0.0,2019-06-20T14:58:21.873+00:00,2019-11-25T02:05:54.775+00:00,2019-11-25T02:05:54.775+00:00,,,,,0,0,0,0,0
u1118,u1118.csv,7362,7362,0,1,0,1,0,pay_only,0,0,2019-07-03T17:50:49.037+00:00,,,,,,,,0,0,0.0,0,0,0.0,2019-06-14T04:21:56.087+00:00,2019-09-03T07:45:23.234+00:00,2019-09-03T07:45:23.234+00:00,6762,44,61.09409541666508,150.3220811458346,0,0,0,0,0
u11181,u11181.csv,3561,3561,0,1,0,1,0,pay_only,0,0,2019-08-21T17:35:05.499+00:00,,,,,,,,0,0,0.0,0,0,0.0,2019-06-24T06:40:55.153+00:00,2019-08-29T04:16:14.152+00:00,2019-08-29T04:16:14.152+00:00,894,4,7.087650023146912,101.33300172453677,0,0,0,0,0
u11182,u11182.csv,8455,8455,0,0,0,0,0,neither,0,0,,,,,,,,,0,0,0.0,0,0,0.0,2019-03-14T06:33:56.744+00:00,2019-09-03T01:10:37.088+00:00,2019-09-03T01:10:37.088+00:00,,,,,0,0,0,0,0
u11183,u11183.csv,1064,1064,0,1,0,1,0,pay_only,0,0,2019-07-09T02:47:10.494+00:00,,,,,,,,0,0,0.0,0,0,0.0,2019-08-06T11:12:29.636+00:00,2019-09-07T10:01:39.571+00:00,2019-09-07T10:01:39.571+00:00,1063,11,31.950809432872468,144.94961057870475,0,0,0,0,0
u11189,u11189.csv,578,578,0,1,0,1,0,pay_only,0,0,2019-08-08T02:43:52.111+00:00,,,,,,,,0,0,0.0,0,0,0.0,2019-08-08T06:47:21.571+00:00,2019-10-21T07:59:22.964+00:00,2019-10-21T07:59:22.964+00:00,577,11,74.05001612268389,114.9519066782406,0,0,0,0,0
u1119,u1119.csv,89,89,0,1,0,1,0,pay_only,0,0,2019-07-08T18:50:13.587+00:00,,,,,,,,0,0,0.0,0,0,0.0,2019-07-09T02:05:10.948+00:00,2019-07-17T06:49:30.492+00:00,2019-07-17T06:49:30.492+00:00,88,4,8.197448425927648,145.2808247800944,0,0,0,0,0
u11190,u11190.csv,2560,2560,0,0,0,0,0,neither,0,0,,,,,,,,,0,0,0.0,0,0,0.0,2019-08-19T04:06:44.370+00:00,2019-09-07T14:17:47.215+00:00,2019-09-07T14:17:47.215+00:00,,,,,0,0,0,0,0
u11191,u11191.csv,898,898,0,0,0,0,0,neither,0,0,,,,,,,,,0,0,0.0,0,0,0.0,2019-08-17T05:48:15.392+00:00,2019-09-08T00:11:45.981+00:00,2019-09-08T00:11:45.981+00:00,,,,,0,0,0,0,0
u11192,u11192.csv,33,33,0,0,0,0,0,neither,0,0,,,,,,,,,0,0,0.0,0,0,0.0,2019-09-02T03:12:47.369+00:00,2019-09-02T03:17:17.790+00:00,2019-09-02T03:17:17.790+00:00,,,,,0,0,0,0,0
u11194,u11194.csv,1446,1446,0,1,0,1,0,pay_only,0,0,2019-08-13T01:01:33.123+00:00,,,,,,,,0,0,0.0,0,0,0.0,2019-08-08T16:56:37.597+00:00,2019-08-24T08:57:27.404+00:00,2019-08-24T08:57:27.404+00:00,795,9,10.647396759261136,110.02295978009425,0,0,0,0,0
u11197,u11197.csv,1917,1917,0,0,0,0,0,neither,0,0,,,,,,,,,0,0,0.0,0,0,0.0,2019-04-28T00:02:55.393+00:00,2019-09-08T00:13:47.827+00:00,2019-09-08T00:13:47.827+00:00,,,,,0,0,0,0,0
u11198,u11198.csv,9564,9564,0,0,0,0,0,neither,0,0,,,,,,,,,0,0,0.0,0,0,0.0,2019-08-04T08:43:33.706+00:00,2019-09-24T13:03:46.129+00:00,2019-09-24T13:03:46.129+00:00,,,,,0,0,0,0,0
u112,u112.csv,63,63,0,0,0,0,0,neither,0,0,,,,,,,,,0,0,0.0,0,0,0.0,2019-06-26T09:17:21.896+00:00,2019-06-26T11:59:20.230+00:00,2019-06-26T11:59:20.230+00:00,,,,,0,0,0,0,0
u1120,u1120.csv,658,658,0,1,0,1,0,pay_only,0,0,2019-07-02T21:54:42.179+00:00,,,,,,,,0,0,0.0,0,0,0.0,2019-01-23T07:37:11.042+00:00,2019-08-07T08:52:40.536+00:00,2019-08-07T08:52:40.536+00:00,632,4,35.054304004628904,151.15271607639062,0,0,0,0,0
u11201,u11201.csv,3188,3188,0,1,0,1,0,pay_only,0,0,2019-07-29T05:13:04.657+00:00,,,,,,,,0,0,0.0,0,0,0.0,2019-07-29T13:55:20.466+00:00,2019-09-16T10:47:29.023+00:00,2019-09-16T10:47:29.023+00:00,3187,23,48.86954348379539,124.848289247685,0,0,0,0,0
u11204,u11204.csv,18,18,0,0,0,0,0,neither,0,0,,,,,,,,,0,0,0.0,0,0,0.0,2019-08-21T01:40:00.908+00:00,2019-08-21T01:43:14.435+00:00,2019-08-21T01:43:14.435+00:00,,,,,0,0,0,0,0
u11209,u11209.csv,10,10,0,1,0,1,0,pay_only,0,0,2019-08-01T19:43:12.511+00:00,,,,,,,,0,0,0.0,0,0,0.0,2019-08-11T11:07:35.283+00:00,2019-08-11T11:08:55.564+00:00,2019-08-11T11:08:55.564+00:00,9,1,0.0009291782395707236,121.24403167824227,0,0,0,0,0
u1121,u1121.csv,5492,5492,0,1,0,1,0,pay_only,0,0,2019-06-26T02:37:29.589+00:00,,,,,,,,0,0,0.0,0,0,0.0,2019-06-24T13:39:43.788+00:00,2019-08-24T11:05:21.526+00:00,2019-08-24T11:05:21.526+00:00,5466,28,58.9735760879627,157.95633401620444,0,0,0,0,0
u11210,u11210.csv,3503,3503,0,1,0,1,0,pay_only,0,0,2019-07-12T17:09:02.404+00:00,,,,,,,,0,0,0.0,0,0,0.0,2019-07-13T01:48:13.238+00:00,2019-08-24T13:38:55.259+00:00,2019-08-24T13:38:55.259+00:00,3502,24,42.49354190972392,141.35109310185192,0,0,0,0,0
u11215,u11215.csv,20,20,0,0,0,0,0,neither,0,0,,,,,,,,,0,0,0.0,0,0,0.0,2019-09-02T03:17:16.983+00:00,2019-09-07T08:34:22.021+00:00,2019-09-07T08:34:22.021+00:00,,,,,0,0,0,0,0
u11217,u11217.csv,5488,5488,0,1,0,2,0,pay_only,0,0,2018-11-19T18:50:23.483+00:00,,,,,,,,0,0,0.0,0,0,0.0,2018-11-20T01:56:14.421+00:00,2019-09-07T01:15:06.563+00:00,2019-09-07T01:15:06.563+00:00,5486,28,290.97143682870325,376.2807102430557,0,0,0,0,0
u11219,u11219.csv,16740,16740,0,0,0,0,0,neither,0,0,,,,,,,,,0,0,0.0,0,0,0.0,2019-04-29T06:22:45.376+00:00,2019-09-28T02:17:51.997+00:00,2019-09-28T02:17:51.997+00:00,,,,,0,0,0,0,0
u11220,u11220.csv,5497,5497,0,0,0,0,0,neither,0,0,,,,,,,,,0,0,0.0,0,0,0.0,2019-04-22T10:15:36.098+00:00,2019-09-04T03:08:54.893+00:00,2019-09-04T03:08:54.893+00:00,,,,,0,0,0,0,0
u11221,u11221.csv,216,216,0,0,0,0,0,neither,0,0,,,,,,,,,0,0,0.0,0,0,0.0,2019-09-05T05:52:40.092+00:00,2019-09-09T05:12:22.113+00:00,2019-09-09T05:12:22.113+00:00,,,,,0,0,0,0,0
u11223,u11223.csv,17,17,0,0,0,0,0,neither,0,0,,,,,,,,,0,0,0.0,0,0,0.0,2019-09-02T03:19:44.480+00:00,2019-09-02T03:22:41.022+00:00,2019-09-02T03:22:41.022+00:00,,,,,0,0,0,0,0
u11226,u11226.csv,1561,1561,0,1,0,1,0,pay_only,0,0,2019-08-21T05:36:25.546+00:00,,,,,,,,0,0,0.0,0,0,0.0,2019-07-08T18:01:35.279+00:00,2019-09-04T04:26:01.569+00:00,2019-09-04T04:26:01.569+00:00,778,3,13.74163342592617,101.83207525463015,0,0,0,0,0
u11227,u11227.csv,29592,29592,0,1,0,1,0,pay_only,0,0,2019-03-02T04:40:29.720+00:00,,,,,,,,0,0,0.0,0,0,0.0,2019-03-01T14:22:14.617+00:00,2019-08-29T13:24:47.736+00:00,2019-08-29T13:24:47.736+00:00,29021,79,179.98880738425862,273.8709158333336,0,0,0,0,0
u11228,u11228.csv,19,19,0,0,0,0,0,neither,0,0,,,,,,,,,0,0,0.0,0,0,0.0,2019-09-02T03:20:33.353+00:00,2019-09-02T03:22:15.317+00:00,2019-09-02T03:22:15.317+00:00,,,,,0,0,0,0,0
u11229,u11229.csv,76,76,0,0,0,0,0,neither,0,0,,,,,,,,,0,0,0.0,0,0,0.0,2019-03-27T18:43:09.588+00:00,2019-03-27T18:54:47.465+00:00,2019-03-27T18:54:47.465+00:00,,,,,0,0,0,0,0
u1123,u1123.csv,227,227,0,0,0,0,0,neither,0,0,,,,,,,,,0,0,0.0,0,0,0.0,2019-07-09T23:26:17.605+00:00,2019-07-10T06:30:55.451+00:00,2019-07-10T06:30:55.451+00:00,,,,,0,0,0,0,0
u11230,u11230.csv,125,125,0,1,0,1,0,pay_only,0,0,2019-08-14T15:05:26.999+00:00,,,,,,,,0,0,0.0,0,0,0.0,2019-08-16T09:11:29.471+00:00,2019-08-16T13:08:51.351+00:00,2019-08-16T13:08:51.351+00:00,124,1,0.16483657407539862,108.43691954861085,0,0,0,0,0
u11231,u11231.csv,201,201,0,1,0,2,0,pay_only,0,0,2019-08-01T17:03:41.249+00:00,,,,,,,,0,0,0.0,0,0,0.0,2019-08-02T01:01:37.630+00:00,2019-11-18T21:59:04.342+00:00,2019-11-18T21:59:04.342+00:00,199,8,108.8732258333321,121.35481017361084,0,0,0,0,0
u11236,u11236.csv,1540,1540,0,1,0,1,0,pay_only,0,0,2019-09-02T00:07:25.007+00:00,,,,,,,,0,0,0.0,0,0,0.0,2019-09-02T06:39:18.446+00:00,2019-09-26T02:02:38.996+00:00,2019-09-26T02:02:38.996+00:00,1539,10,23.807876736110558,90.0605537152787,0,0,0,0,0
u11238,u11238.csv,27610,27610,0,1,0,1,0,pay_only,0,0,2019-07-14T23:07:11.936+00:00,,,,,,,,0,0,0.0,0,0,0.0,2019-07-15T08:07:52.653+00:00,2019-09-08T12:21:48.783+00:00,2019-09-08T12:21:48.783+00:00,27609,38,55.176344097220785,139.102371666666,0,0,0,0,0
u11239,u11239.csv,80,80,0,0,0,0,0,neither,0,0,,,,,,,,,0,0,0.0,0,0,0.0,2019-09-02T03:22:31.543+00:00,2019-09-02T03:36:15.292+00:00,2019-09-02T03:36:15.292+00:00,,,,,0,0,0,0,0
u1124,u1124.csv,1946,1946,0,1,0,1,0,pay_only,0,0,2019-07-08T23:29:51.203+00:00,,,,,,,,0,0,0.0,0,0,0.0,2019-07-09T08:14:24.891+00:00,2019-09-03T05:40:54.038+00:00,2019-09-03T05:40:54.038+00:00,1945,15,55.89339290509346,145.086639409722,0,0,0,0,0
u11240,u11240.csv,764,764,0,1,0,1,0,pay_only,0,0,2019-08-11T18:30:27.293+00:00,,,,,,,,0,0,0.0,0,0,0.0,2019-07-14T05:10:07.027+00:00,2019-08-31T08:08:10.774+00:00,2019-08-31T08:08:10.774+00:00,728,10,19.186801967590494,111.29455503472299,0,0,0,0,0
u11241,u11241.csv,1483,1483,0,1,0,1,0,pay_only,0,0,2019-08-30T21:22:40.247+00:00,,,,,,,,0,0,0.0,0,0,0.0,2019-08-30T09:01:25.255+00:00,2019-09-29T13:21:01.517+00:00,2019-09-29T13:21:01.517+00:00,1475,14,29.294524895833046,92.17496065972304,0,0,0,0,0
u11243,u11243.csv,2033,2033,0,1,0,1,0,pay_only,0,0,2019-08-01T20:43:32.176+00:00,,,,,,,,0,0,0.0,0,0,0.0,2019-08-02T05:26:35.654+00:00,2019-10-21T10:49:46.883+00:00,2019-10-21T10:49:46.883+00:00,2032,11,80.22443552083163,121.20213740740661,0,0,0,0,0
u11244,u11244.csv,15428,15428,0,0,0,0,0,neither,0,0,,,,,,,,,0,0,0.0,0,0,0.0,2019-04-05T12:40:51.721+00:00,2019-11-26T14:53:57.752+00:00,2019-11-26T14:53:57.752+00:00,,,,,0,0,0,0,0
u11247,u11247.csv,5457,5457,0,0,0,0,0,neither,0,0,,,,,,,,,0,0,0.0,0,0,0.0,2019-06-21T12:06:18.951+00:00,2019-11-26T14:16:08.973+00:00,2019-11-26T14:16:08.973+00:00,,,,,0,0,0,0,0
u11248,u11248.csv,996,996,0,1,0,1,0,pay_only,0,0,2019-08-22T05:51:51.952+00:00,,,,,,,,0,0,0.0,0,0,0.0,2019-08-22T15:35:18.534+00:00,2019-09-08T00:13:50.328+00:00,2019-09-08T00:13:50.328+00:00,995,6,16.360090208335055,100.82135296296467,0,0,0,0,0
u11249,u11249.csv,269,269,0,0,0,0,0,neither,0,0,,,,,,,,,0,0,0.0,0,0,0.0,2019-09-02T03:24:19.530+00:00,2019-09-03T03:16:17.767+00:00,2019-09-03T03:16:17.767+00:00,,,,,0,0,0,0,0
u11252,u11252.csv,40,40,0,1,0,1,0,pay_only,0,0,2019-08-26T14:12:30.902+00:00,,,,,,,,0,0,0.0,0,0,0.0,2019-08-26T23:02:34.800+00:00,2019-08-26T23:06:34.983+00:00,2019-08-26T23:06:34.983+00:00,39,1,0.0027798958343488197,96.4736799305567,0,0,0,0,0
u11253,u11253.csv,11018,11018,0,0,0,0,0,neither,0,0,,,,,,,,,0,0,0.0,0,0,0.0,2019-04-16T03:18:25.572+00:00,2019-09-30T14:00:42.982+00:00,2019-09-30T14:00:42.982+00:00,,,,,0,0,0,0,0
u11255,u11255.csv,10572,10572,0,1,0,1,0,pay_only,0,0,2019-09-30T00:42:35.401+00:00,,,,,,,,0,0,0.0,0,0,0.0,2019-09-02T03:26:03.202+00:00,2019-11-09T13:25:17.208+00:00,2019-11-09T13:25:17.208+00:00,10286,26,40.504764999998386,62.036127858796604,0,0,0,0,0
u11258,u11258.csv,497,497,0,1,0,1,0,pay_only,0,0,2019-03-01T16:21:15.683+00:00,,,,,,,,0,0,0.0,0,0,0.0,2019-03-02T01:24:01.123+00:00,2019-08-31T00:27:55.048+00:00,2019-08-31T00:27:55.048+00:00,496,7,181.9610407986133,274.38427274305513,0,0,0,0,0
u11259,u11259.csv,372,372,0,1,0,1,0,pay_only,0,0,2019-07-24T19:39:25.389+00:00,,,,,,,,0,0,0.0,0,0,0.0,2019-07-25T01:15:42.811+00:00,2019-08-09T12:34:23.379+00:00,2019-08-09T12:34:23.379+00:00,371,3,15.471302870368516,129.24666040509388,0,0,0,0,0
u1126,u1126.csv,1052,1052,0,1,0,1,0,pay_only,0,0,2019-07-04T18:02:28.275+00:00,,,,,,,,0,0,0.0,0,0,0.0,2019-07-02T08:15:37.655+00:00,2019-07-26T07:09:03.095+00:00,2019-07-26T07:09:03.095+00:00,1011,9,21.161389594908666,149.3139881134254,0,0,0,0,0
u11260,u11260.csv,271,271,0,1,0,1,0,pay_only,0,0,2019-09-02T16:07:57.958+00:00,,,,,,,,0,0,0.0,0,0,0.0,2019-09-02T03:26:21.049+00:00,2019-09-04T09:47:21.986+00:00,2019-09-04T09:47:21.986+00:00,89,2,1.0670570254629408,89.3935056712975,0,0,0,0,0
u11262,u11262.csv,6998,6998,0,1,0,1,0,pay_only,0,0,2019-11-12T03:48:03.099+00:00,,,,,,,,0,0,0.0,0,0,0.0,2019-11-12T06:09:49.129+00:00,2019-11-26T10:15:12.780+00:00,2019-11-26T10:15:12.780+00:00,6997,11,14.17041262731508,18.907335057871208,0,0,0,0,1
u11263,u11263.csv,2046,2046,0,0,0,0,0,neither,0,0,,,,,,,,,0,0,0.0,0,0,0.0,2019-08-21T06:12:24.530+00:00,2019-11-16T04:48:02.158+00:00,2019-11-16T04:48:02.158+00:00,,,,,0,0,0,0,0
u11264,u11264.csv,7303,7303,0,1,0,1,0,pay_only,0,0,2019-08-18T15:03:16.496+00:00,,,,,,,,0,0,0.0,0,0,0.0,2019-08-18T15:01:26.140+00:00,2019-10-27T10:24:50.064+00:00,2019-10-27T10:24:50.064+00:00,7283,28,69.80656780092528,104.43842999999998,0,0,0,0,0
u11265,u11265.csv,74,74,0,0,0,0,0,neither,0,0,,,,,,,,,0,0,0.0,0,0,0.0,2019-09-02T03:28:12.756+00:00,2019-09-02T03:38:34.658+00:00,2019-09-02T03:38:34.658+00:00,,,,,0,0,0,0,0
u11269,u11269.csv,10649,10649,0,0,0,0,0,neither,0,0,,,,,,,,,0,0,0.0,0,0,0.0,2019-03-31T08:38:05.133+00:00,2019-07-31T16:06:26.014+00:00,2019-07-31T16:06:26.014+00:00,,,,,0,0,0,0,0
u1127,u1127.csv,31,31,0,0,0,0,0,neither,0,0,,,,,,,,,0,0,0.0,0,0,0.0,2019-07-08T07:18:07.840+00:00,2019-07-10T06:23:06.110+00:00,2019-07-10T06:23:06.110+00:00,,,,,0,0,0,0,0
u11272,u11272.csv,557,557,0,1,0,1,0,pay_only,0,0,2019-08-21T20:32:15.505+00:00,,,,,,,,0,0,0.0,0,0,0.0,2019-08-22T05:26:00.049+00:00,2019-09-02T14:00:44.258+00:00,2019-09-02T14:00:44.258+00:00,556,6,11.357456122683706,101.20996924768444,0,0,0,0,0
u11273,u11273.csv,1531,1531,0,1,0,1,0,pay_only,0,0,2019-08-28T17:38:36.648+00:00,,,,,,,,0,0,0.0,0,0,0.0,2019-08-29T02:31:02.523+00:00,2019-10-19T03:58:46.712+00:00,2019-10-19T03:58:46.712+00:00,1530,12,51.060928113424666,94.33055787037092,0,0,0,0,0
u11278,u11278.csv,10028,10028,0,1,0,2,0,pay_only,0,0,2019-07-28T04:01:25.553+00:00,,,,,,,,0,0,0.0,0,0,0.0,2019-08-06T01:50:58.340+00:00,2019-10-22T05:10:11.204+00:00,2019-10-22T05:10:11.204+00:00,10026,19,77.13834333333428,125.89804739583421,0,0,0,0,0
u11279,u11279.csv,37721,37721,0,0,0,0,0,neither,0,0,,,,,,,,,0,0,0.0,0,0,0.0,2018-11-20T05:26:45.222+00:00,2019-11-24T23:27:25.401+00:00,2019-11-24T23:27:25.401+00:00,,,,,0,0,0,0,0
u1128,u1128.csv,4645,4645,0,0,0,0,0,neither,0,0,,,,,,,,,0,0,0.0,0,0,0.0,2019-07-09T01:29:55.459+00:00,2019-07-29T09:50:15.541+00:00,2019-07-29T09:50:15.541+00:00,,,,,0,0,0,0,0
u11281,u11281.csv,5,5,0,1,0,1,0,pay_only,0,0,2019-05-20T08:13:45.979+00:00,,,,,,,,0,0,0.0,0,0,0.0,2019-05-08T14:37:27.107+00:00,2019-05-08T14:37:38.816+00:00,2019-05-20T08:13:45.979+00:00,0,0,0.0,194.72281098379582,0,0,0,0,0
u11282,u11282.csv,26053,26053,0,0,0,0,0,neither,0,0,,,,,,,,,0,0,0.0,0,0,0.0,2018-11-30T04:39:57.876+00:00,2019-11-21T05:23:35.746+00:00,2019-11-21T05:23:35.746+00:00,,,,,0,0,0,0,0
u11283,u11283.csv,1089,1089,0,0,0,0,0,neither,0,0,,,,,,,,,0,0,0.0,0,0,0.0,2019-08-17T03:23:07.146+00:00,2019-09-03T03:52:49.731+00:00,2019-09-03T03:52:49.731+00:00,,,,,0,0,0,0,0
u11284,u11284.csv,43936,43936,0,1,0,1,0,pay_only,0,0,2019-03-13T17:07:30.306+00:00,,,,,,,,0,0,0.0,0,0,0.0,2019-03-12T13:59:42.785+00:00,2019-08-28T01:16:02.522+00:00,2019-08-28T01:16:02.522+00:00,43797,43,109.58119651620586,262.35215905092656,0,0,0,0,0
u11285,u11285.csv,11,11,0,1,0,1,0,pay_only,0,0,2019-04-07T04:04:29.525+00:00,,,,,,,,0,0,0.0,0,0,0.0,2019-02-06T17:52:04.255+00:00,2019-04-07T12:51:13.832+00:00,2019-04-07T12:51:13.832+00:00,9,1,0.0004167939805322223,237.89591809027723,0,0,0,0,0
u11286,u11286.csv,59465,59465,0,1,0,1,0,pay_only,0,0,2019-02-22T15:08:25.122+00:00,,,,,,,,0,0,0.0,0,0,0.0,2019-02-13T14:58:29.609+00:00,2019-09-03T06:12:13.771+00:00,2019-09-03T06:12:13.771+00:00,57539,69,192.35789636573858,281.43485793981563,0,0,0,0,0
u1129,u1129.csv,342,342,0,0,0,0,0,neither,0,0,,,,,,,,,0,0,0.0,0,0,0.0,2019-07-07T08:42:39.315+00:00,2019-07-17T03:51:32.227+00:00,2019-07-17T03:51:32.227+00:00,,,,,0,0,0,0,0
u11294,u11294.csv,140,140,0,1,0,2,0,pay_only,0,0,2019-07-15T00:44:01.794+00:00,,,,,,,,0,0,0.0,0,0,0.0,2019-07-11T09:10:18.692+00:00,2019-07-26T14:41:24.822+00:00,2019-10-31T01:39:06.606+00:00,116,1,0.168885289353353,139.03512793981642,0,0,0,0,0
u11296,u11296.csv,90,90,0,1,0,1,0,pay_only,0,0,2019-09-01T18:46:57.772+00:00,,,,,,,,0,0,0.0,0,0,0.0,2019-09-02T03:33:05.291+00:00,2019-11-10T00:23:25.374+00:00,2019-11-10T00:23:25.374+00:00,89,3,68.8682879976873,90.28309115740711,0,0,0,0,0
u11297,u11297.csv,547,547,0,1,0,1,0,pay_only,0,0,2019-06-25T16:19:20.443+00:00,,,,,,,,0,0,0.0,0,0,0.0,2019-06-26T00:58:28.315+00:00,2019-07-03T23:07:23.281+00:00,2019-07-03T23:07:23.281+00:00,546,4,7.922858402775946,158.38560653935153,0,0,0,0,0
u113,u113.csv,259,259,0,0,0,0,0,neither,0,0,,,,,,,,,0,0,0.0,0,0,0.0,2019-06-26T11:12:52.647+00:00,2019-06-26T12:07:19.982+00:00,2019-06-26T12:07:19.982+00:00,,,,,0,0,0,0,0
u1130,u1130.csv,37,37,0,0,0,0,0,neither,0,0,,,,,,,,,0,0,0.0,0,0,0.0,2019-06-26T02:49:35.243+00:00,2019-07-10T06:40:34.725+00:00,2019-07-10T06:40:34.725+00:00,,,,,0,0,0,0,0
u11301,u11301.csv,1939,1939,0,0,0,0,0,neither,0,0,,,,,,,,,0,0,0.0,0,0,0.0,2019-03-06T13:23:42.947+00:00,2019-03-25T02:38:50.133+00:00,2019-03-25T02:38:50.133+00:00,,,,,0,0,0,0,0
u11304,u11304.csv,2928,2928,0,1,0,1,0,pay_only,0,0,2019-07-11T16:09:24.615+00:00,,,,,,,,0,0,0.0,0,0,0.0,2019-07-12T00:56:30.865+00:00,2019-09-28T05:21:03.494+00:00,2019-09-28T05:21:03.494+00:00,2927,22,78.1837109837957,142.39250269675972,0,0,0,0,0
u11306,u11306.csv,922,922,0,1,0,1,0,pay_only,0,0,2019-08-19T02:32:16.222+00:00,,,,,,,,0,0,0.0,0,0,0.0,2019-07-29T02:11:32.126+00:00,2019-09-07T11:24:54.599+00:00,2019-09-07T11:24:54.599+00:00,894,11,18.981958518519445,103.95996094907599,0,0,0,0,0
u11308,u11308.csv,30,30,0,0,0,0,0,neither,0,0,,,,,,,,,0,0,0.0,0,0,0.0,2019-09-02T03:37:52.953+00:00,2019-09-02T03:41:00.905+00:00,2019-09-02T03:41:00.905+00:00,,,,,0,0,0,0,0
u1131,u1131.csv,575,575,0,0,0,0,0,neither,0,0,,,,,,,,,0,0,0.0,0,0,0.0,2019-07-09T22:54:25.885+00:00,2019-07-11T01:30:41.851+00:00,2019-07-11T01:30:41.851+00:00,,,,,0,0,0,0,0
u11312,u11312.csv,447,447,0,1,0,1,0,pay_only,0,0,2019-07-30T19:38:22.606+00:00,,,,,,,,0,0,0.0,0,0,0.0,2019-07-30T05:28:07.632+00:00,2019-08-11T00:13:24.667+00:00,2019-08-11T00:13:24.667+00:00,425,3,10.809813067129365,123.24738706018638,0,0,0,0,0
u11314,u11314.csv,2045,2045,0,0,0,0,0,neither,0,0,,,,,,,,,0,0,0.0,0,0,0.0,2019-08-07T16:53:26.397+00:00,2019-08-20T02:02:18.898+00:00,2019-08-20T02:02:18.898+00:00,,,,,0,0,0,0,0
u11318,u11318.csv,16650,16650,0,0,0,0,0,neither,0,0,,,,,,,,,0,0,0.0,0,0,0.0,2019-04-18T00:04:01.035+00:00,2019-10-23T14:39:01.591+00:00,2019-10-23T14:39:01.591+00:00,,,,,0,0,0,0,0
u1132,u1132.csv,6626,6626,0,1,0,2,0,pay_only,0,0,2019-04-14T19:11:22.776+00:00,,,,,,,,0,0,0.0,0,0,0.0,2019-04-14T16:34:38.737+00:00,2019-09-03T09:56:26.210+00:00,2019-09-03T09:56:26.210+00:00,6588,20,141.21534991898196,230.2661350925929,0,0,0,0,0
u11321,u11321.csv,3,3,0,0,0,0,0,neither,0,0,,,,,,,,,0,0,0.0,0,0,0.0,2019-09-02T03:39:35.924+00:00,2019-09-02T03:40:05.676+00:00,2019-09-02T03:40:05.676+00:00,,,,,0,0,0,0,0
u11322,u11322.csv,14604,14604,0,1,0,2,0,pay_only,0,0,2019-08-12T17:06:06.840+00:00,,,,,,,,0,0,0.0,0,0,0.0,2019-02-02T04:51:00.246+00:00,2019-10-14T08:00:13.468+00:00,2019-10-14T08:00:13.468+00:00,14508,39,59.079256689813406,110.35312509259415,0,0,0,0,0
u11324,u11324.csv,3466,3466,0,0,0,0,0,neither,0,0,,,,,,,,,0,0,0.0,0,0,0.0,2019-01-17T06:30:06.558+00:00,2019-09-07T11:35:02.323+00:00,2019-09-07T11:35:02.323+00:00,,,,,0,0,0,0,0
u11325,u11325.csv,629,629,0,1,0,1,0,pay_only,0,0,2019-08-03T13:16:50.907+00:00,,,,,,,,0,0,0.0,0,0,0.0,2019-08-04T05:48:19.175+00:00,2019-08-11T11:22:08.298+00:00,2019-08-11T11:22:08.298+00:00,628,5,7.231818553242419,119.51233728009241,0,0,0,0,0
u11326,u11326.csv,469,469,0,1,0,1,0,pay_only,0,0,2019-08-23T14:37:46.556+00:00,,,,,,,,0,0,0.0,0,0,0.0,2019-08-23T23:30:14.788+00:00,2019-08-27T04:32:25.596+00:00,2019-08-27T04:32:25.596+00:00,468,4,3.2098473148130706,99.45613763888953,0,0,0,0,0
u11328,u11328.csv,317,317,0,0,0,0,0,neither,0,0,,,,,,,,,0,0,0.0,0,0,0.0,2019-08-06T10:02:53.998+00:00,2019-09-05T10:15:34.362+00:00,2019-09-05T10:15:34.362+00:00,,,,,0,0,0,0,0
u11329,u11329.csv,32,32,0,0,0,0,0,neither,0,0,,,,,,,,,0,0,0.0,0,0,0.0,2019-09-02T03:40:35.640+00:00,2019-09-02T03:46:01.965+00:00,2019-09-02T03:46:01.965+00:00,,,,,0,0,0,0,0
u1133,u1133.csv,478,478,0,1,0,1,0,pay_only,0,0,2019-05-10T19:32:30.479+00:00,,,,,,,,0,0,0.0,0,0,0.0,2019-05-27T05:36:29.106+00:00,2019-07-10T08:13:17.146+00:00,2019-07-10T08:13:17.146+00:00,477,2,44.10888935185141,204.2514626041662,0,0,0,0,0
u11330,u11330.csv,6701,6701,0,0,0,0,0,neither,0,0,,,,,,,,,0,0,0.0,0,0,0.0,2019-02-16T04:57:58.125+00:00,2019-03-01T03:44:01.888+00:00,2019-03-01T03:44:01.888+00:00,,,,,0,0,0,0,0
u11332,u11332.csv,4620,4620,0,1,0,1,0,pay_only,0,0,2019-07-16T20:36:45.100+00:00,,,,,,,,0,0,0.0,0,0,0.0,2019-04-04T07:43:11.358+00:00,2019-10-09T14:48:47.792+00:00,2019-10-09T14:48:47.792+00:00,4547,45,84.34320197916693,137.20684893518685,0,0,0,0,0
u11334,u11334.csv,47,47,0,1,1,1,1,pay_then_refund,1,1,2019-08-31T17:39:02.126+00:00,2019-09-08T17:19:31.913+00:00,2019-08-31T17:39:02.126+00:00,2019-09-08T17:19:31.913+00:00,191.67494083338312,7.9864558680576305,2019-08-29T21:48:07.572+00:00,2019-09-01T02:48:04.718+00:00,39,2,2.2083003009248663,5,1,0.002756944444996339,2019-08-29T21:48:07.572+00:00,2019-10-07T12:56:06.005+00:00,2019-10-07T12:56:06.005+00:00,,,,91.33026298611253,0,0,0,0,0
u11337,u11337.csv,34,34,0,0,0,0,0,neither,0,0,,,,,,,,,0,0,0.0,0,0,0.0,2019-09-02T03:41:40.981+00:00,2019-09-02T03:42:56.705+00:00,2019-09-02T03:42:56.705+00:00,,,,,0,0,0,0,0
u1134,u1134.csv,6334,6334,0,1,0,1,0,pay_only,0,0,2019-07-09T22:09:54.910+00:00,,,,,,,,0,0,0.0,0,0,0.0,2019-07-10T06:59:00.719+00:00,2019-09-25T00:06:30.231+00:00,2019-09-25T00:06:30.231+00:00,6333,30,76.71353601851673,144.14215206018477,0,0,0,0,0
u11340,u11340.csv,3416,3416,0,0,0,0,0,neither,0,0,,,,,,,,,0,0,0.0,0,0,0.0,2019-01-29T07:10:17.723+00:00,2019-11-16T12:39:51.660+00:00,2019-11-16T12:39:51.660+00:00,,,,,0,0,0,0,0
u11341,u11341.csv,4171,4171,0,0,0,0,0,neither,0,0,,,,,,,,,0,0,0.0,0,0,0.0,2019-02-02T00:48:32.426+00:00,2019-10-11T05:30:59.572+00:00,2019-10-11T05:30:59.572+00:00,,,,,0,0,0,0,0
u11345,u11345.csv,1609,1609,0,1,0,1,0,pay_only,0,0,2019-07-29T20:44:50.727+00:00,,,,,,,,0,0,0.0,0,0,0.0,2019-07-30T05:27:07.789+00:00,2019-08-04T11:33:10.691+00:00,2019-08-04T11:33:10.691+00:00,1608,6,5.254200254629056,124.20122825231542,0,0,0,0,0
u11347,u11347.csv,36,36,0,0,0,0,0,neither,0,0,,,,,,,,,0,0,0.0,0,0,0.0,2019-09-02T03:43:14.400+00:00,2019-09-02T07:12:04.725+00:00,2019-09-02T07:12:04.725+00:00,,,,,0,0,0,0,0
u1135,u1135.csv,2892,2892,0,1,0,3,0,pay_only,0,0,2018-12-05T19:29:48.901+00:00,,,,,,,,0,0,0.0,0,0,0.0,2018-12-05T14:34:08.845+00:00,2019-10-01T13:51:46.252+00:00,2019-10-01T13:51:46.252+00:00,2874,17,299.39359146990984,360.2533327199077,0,0,0,0,0
u11351,u11351.csv,26,26,0,0,0,0,0,neither,0,0,,,,,,,,,0,0,0.0,0,0,0.0,2019-09-02T03:43:21.023+00:00,2019-09-02T03:46:30.266+00:00,2019-09-02T03:46:30.266+00:00,,,,,0,0,0,0,0
u11353,u11353.csv,6184,6184,0,0,0,0,0,neither,0,0,,,,,,,,,0,0,0.0,0,0,0.0,2019-07-25T08:11:14.416+00:00,2019-09-08T00:16:56.876+00:00,2019-09-08T00:16:56.876+00:00,,,,,0,0,0,0,0
u11355,u11355.csv,46188,46188,0,1,0,1,0,pay_only,0,0,2018-11-24T22:47:31.008+00:00,,,,,,,,0,0,0.0,0,0,0.0,2018-10-29T04:37:59.631+00:00,2019-11-05T04:46:55.633+00:00,2019-11-05T04:46:55.633+00:00,34879,185,345.13497466435035,371.1160398148166,0,0,0,0,0
u1136,u1136.csv,10817,10817,0,1,0,2,0,pay_only,0,0,2019-03-23T21:42:56.648+00:00,,,,,,,,0,0,0.0,0,0,0.0,2019-03-24T10:43:31.489+00:00,2019-09-01T07:04:02.935+00:00,2019-09-01T07:04:02.935+00:00,10815,69,160.84758618055395,252.160881944445,0,0,0,0,0
u11360,u11360.csv,33,33,0,0,0,0,0,neither,0,0,,,,,,,,,0,0,0.0,0,0,0.0,2019-09-02T03:44:32.761+00:00,2019-09-02T03:50:29.397+00:00,2019-09-02T03:50:29.397+00:00,,,,,0,0,0,0,0
u11361,u11361.csv,1125,1125,0,1,0,1,0,pay_only,0,0,2019-08-22T18:07:09.880+00:00,,,,,,,,0,0,0.0,0,0,0.0,2019-08-23T04:01:35.693+00:00,2019-08-26T04:57:23.880+00:00,2019-08-26T04:57:23.880+00:00,1124,3,3.0387521643522715,100.31072879629555,0,0,0,0,0
u11363,u11363.csv,2737,2737,0,1,0,1,0,pay_only,0,0,2019-11-05T02:38:13.784+00:00,,,,,,,,0,0,0.0,0,0,0.0,2019-07-09T05:23:22.131+00:00,2019-11-23T23:51:07.683+00:00,2019-11-23T23:51:07.683+00:00,713,7,18.508226932872226,25.955822500001503,0,0,0,0,1
u11364,u11364.csv,67,67,0,0,0,0,0,neither,0,0,,,,,,,,,0,0,0.0,0,0,0.0,2019-08-29T10:29:54.020+00:00,2019-08-31T15:07:11.193+00:00,2019-08-31T15:07:11.193+00:00,,,,,0,0,0,0,0
u11367,u11367.csv,255,255,0,1,0,1,0,pay_only,0,0,2019-08-22T01:21:56.429+00:00,,,,,,,,0,0,0.0,0,0,0.0,2019-08-22T09:53:19.519+00:00,2019-09-04T03:43:01.993+00:00,2019-09-04T03:43:01.993+00:00,254,5,12.742852708333068,101.00880114583505,0,0,0,0,0
u11368,u11368.csv,1788,1788,0,1,0,1,0,pay_only,0,0,2019-08-02T23:33:44.074+00:00,,,,,,,,0,0,0.0,0,0,0.0,2019-08-02T07:10:47.934+00:00,2019-09-12T04:33:41.971+00:00,2019-09-12T04:33:41.971+00:00,1750,13,39.82207038194493,120.08394414352045,0,0,0,0,0
u1137,u1137.csv,1520,1520,0,1,0,1,0,pay_only,0,0,2019-07-08T23:04:18.426+00:00,,,,,,,,0,0,0.0,0,0,0.0,2019-07-08T07:26:43.663+00:00,2019-07-25T09:56:34.113+00:00,2019-07-25T09:56:34.113+00:00,1479,9,16.022925949071844,145.10437988425846,0,0,0,0,0
u11372,u11372.csv,5066,5066,0,1,0,1,0,pay_only,0,0,2019-03-29T18:30:11.483+00:00,,,,,,,,0,0,0.0,0,0,0.0,2019-03-03T09:03:20.574+00:00,2019-08-23T04:12:56.981+00:00,2019-08-23T04:12:56.981+00:00,3582,54,146.03886450231352,246.29473802083345,0,0,0,0,0
u11373,u11373.csv,39,39,0,0,0,0,0,neither,0,0,,,,,,,,,0,0,0.0,0,0,0.0,2019-09-02T03:47:44.577+00:00,2019-09-02T03:52:50.259+00:00,2019-09-02T03:52:50.259+00:00,,,,,0,0,0,0,0
u1138,u1138.csv,1672,1672,0,1,0,1,0,pay_only,0,0,2019-06-02T20:47:13.801+00:00,,,,,,,,0,0,0.0,0,0,0.0,2019-06-03T05:29:25.894+00:00,2019-07-12T11:47:03.992+00:00,2019-07-12T11:47:03.992+00:00,1671,18,39.262246504630205,181.19957230323993,0,0,0,0,0
u11383,u11383.csv,13129,13129,0,1,0,2,0,pay_only,0,0,2019-07-08T03:27:10.477+00:00,,,,,,,,0,0,0.0,0,0,0.0,2018-12-27T08:57:23.083+00:00,2019-10-07T12:48:22.306+00:00,2019-10-07T12:48:22.306+00:00,3108,39,90.90493901620309,145.92183299768578,0,0,0,0,0
u11385,u11385.csv,44,44,0,1,0,1,0,pay_only,0,0,2019-06-22T20:46:50.121+00:00,,,,,,,,0,0,0.0,0,0,0.0,2019-06-23T05:07:59.375+00:00,2019-06-23T05:59:59.563+00:00,2019-06-23T05:59:59.563+00:00,43,1,0.0361132870366176,161.1998463773148,0,0,0,0,0
u11386,u11386.csv,8869,8869,0,1,0,1,0,pay_only,0,0,2019-09-02T18:37:07.236+00:00,,,,,,,,0,0,0.0,0,0,0.0,2019-06-20T08:35:30.881+00:00,2019-11-20T07:41:44.363+00:00,2019-11-20T07:41:44.363+00:00,5460,31,78.18356074074076,89.28992606481468,0,0,0,0,0
u11388,u11388.csv,3390,3390,0,1,0,1,0,pay_only,0,0,2019-09-20T02:52:49.307+00:00,,,,,,,,0,0,0.0,0,0,0.0,2019-10-09T16:31:41.154+00:00,2019-11-16T17:16:29.680+00:00,2019-11-16T17:16:29.680+00:00,3389,13,38.03111719907434,71.94568913194593,0,0,0,0,0
u11389,u11389.csv,751,751,0,1,0,1,0,pay_only,0,0,2019-07-23T18:59:52.553+00:00,,,,,,,,0,0,0.0,0,0,0.0,2019-07-23T05:18:09.834+00:00,2019-10-03T10:28:49.317+00:00,2019-10-03T10:28:49.317+00:00,561,11,71.46420737268473,130.27412378472312,0,0,0,0,0
u1139,u1139.csv,785,785,0,0,0,0,0,neither,0,0,,,,,,,,,0,0,0.0,0,0,0.0,2019-07-07T09:56:09.560+00:00,2019-07-10T15:34:26.036+00:00,2019-07-10T15:34:26.036+00:00,,,,,0,0,0,0,0
u11390,u11390.csv,1419,1419,0,1,0,1,0,pay_only,0,0,2019-05-07T23:42:51.263+00:00,,,,,,,,0,0,0.0,0,0,0.0,2019-05-08T03:14:19.815+00:00,2019-11-25T02:01:55.809+00:00,2019-11-25T02:01:55.809+00:00,1418,17,200.9497221527773,207.07761093750045,0,0,0,0,0
u11392,u11392.csv,6251,6251,0,0,0,0,0,neither,0,0,,,,,,,,,0,0,0.0,0,0,0.0,2019-07-20T09:52:42.670+00:00,2019-10-23T07:49:34.203+00:00,2019-10-23T07:49:34.203+00:00,,,,,0,0,0,0,0
u11394,u11394.csv,38455,38455,0,0,0,0,0,neither,0,0,,,,,,,,,0,0,0.0,0,0,0.0,2019-01-10T04:04:43.316+00:00,2019-11-22T06:00:29.304+00:00,2019-11-22T06:00:29.304+00:00,,,,,0,0,0,0,0
u11395,u11395.csv,243,243,0,1,0,1,0,pay_only,0,0,2019-08-24T16:52:23.213+00:00,,,,,,,,0,0,0.0,0,0,0.0,2019-08-25T01:40:22.343+00:00,2019-09-11T03:45:25.436+00:00,2019-09-11T03:45:25.436+00:00,242,7,17.086841354168676,98.36265781249989,0,0,0,0,0
u11396,u11396.csv,1561,1561,0,0,0,0,0,neither,0,0,,,,,,,,,0,0,0.0,0,0,0.0,2019-03-03T13:27:20.122+00:00,2019-09-02T04:16:16.081+00:00,2019-09-02T04:16:16.081+00:00,,,,,0,0,0,0,0
u11397,u11397.csv,2519,2519,0,0,0,0,0,neither,0,0,,,,,,,,,0,0,0.0,0,0,0.0,2019-08-19T14:23:01.067+00:00,2019-08-27T07:09:45.264+00:00,2019-08-27T07:09:45.264+00:00,,,,,0,0,0,0,0
u114,u114.csv,45,45,0,0,0,0,0,neither,0,0,,,,,,,,,0,0,0.0,0,0,0.0,2019-06-26T11:42:00.792+00:00,2019-06-26T11:51:55.854+00:00,2019-06-26T11:51:55.854+00:00,,,,,0,0,0,0,0
u1140,u1140.csv,143,143,0,1,0,1,0,pay_only,0,0,2019-07-07T00:31:25.483+00:00,,,,,,,,0,0,0.0,0,0,0.0,2019-07-10T09:24:53.341+00:00,2019-08-04T13:59:14.632+00:00,2019-08-04T13:59:14.632+00:00,142,2,25.190524201387607,147.04388153935196,0,0,0,0,0
u11400,u11400.csv,2725,2725,0,0,0,0,0,neither,0,0,,,,,,,,,0,0,0.0,0,0,0.0,2019-07-07T17:35:44.622+00:00,2019-11-20T04:58:02.345+00:00,2019-11-20T04:58:02.345+00:00,,,,,0,0,0,0,0
u11401,u11401.csv,338,338,0,1,0,1,0,pay_only,0,0,2019-09-01T19:15:05.868+00:00,,,,,,,,0,0,0.0,0,0,0.0,2019-09-02T03:55:34.553+00:00,2019-09-25T03:53:12.249+00:00,2019-09-25T03:53:12.249+00:00,337,3,22.998352962964113,90.26355300925948,0,0,0,0,0
u11403,u11403.csv,48462,48462,0,1,0,2,0,pay_only,0,0,2019-03-10T21:51:21.645+00:00,,,,,,,,0,0,0.0,0,0,0.0,2019-03-11T00:31:17.853+00:00,2019-11-26T02:34:29.709+00:00,2019-11-26T02:34:29.709+00:00,48460,151,260.085553888891,265.15503707176003,0,0,0,0,0
u11405,u11405.csv,503,503,0,0,0,0,0,neither,0,0,,,,,,,,,0,0,0.0,0,0,0.0,2019-07-31T04:05:13.133+00:00,2019-09-02T04:09:01.848+00:00,2019-09-02T04:09:01.848+00:00,,,,,0,0,0,0,0
u11406,u11406.csv,22,22,0,0,0,0,0,neither,0,0,,,,,,,,,0,0,0.0,0,0,0.0,2019-09-02T04:01:32.735+00:00,2019-09-02T04:05:02.326+00:00,2019-09-02T04:05:02.326+00:00,,,,,0,0,0,0,0
u11407,u11407.csv,85,85,0,1,0,1,0,pay_only,0,0,2019-08-17T22:14:04.921+00:00,,,,,,,,0,0,0.0,0,0,0.0,2019-08-18T07:01:39.793+00:00,2019-09-02T04:38:28.071+00:00,2019-09-02T04:38:28.071+00:00,84,2,14.900558773149495,105.13925841435238,0,0,0,0,0
u11408,u11408.csv,4848,4848,0,1,0,1,0,pay_only,0,0,2019-04-21T03:52:50.447+00:00,,,,,,,,0,0,0.0,0,0,0.0,2019-04-21T12:53:37.804+00:00,2019-10-26T04:16:27.058+00:00,2019-10-26T04:16:27.058+00:00,4847,51,187.6408478472244,223.9040092708336,0,0,0,0,0
u11409,u11409.csv,26,26,0,1,0,1,0,pay_only,0,0,2019-08-08T03:09:49.855+00:00,,,,,,,,0,0,0.0,0,0,0.0,2019-08-08T11:56:36.509+00:00,2019-08-08T12:00:23.243+00:00,2019-08-08T12:00:23.243+00:00,25,1,0.0026242361107358227,114.93387723379665,0,0,0,0,0
u11410,u11410.csv,320,320,0,0,0,0,0,neither,0,0,,,,,,,,,0,0,0.0,0,0,0.0,2019-08-18T05:31:05.577+00:00,2019-09-15T05:54:59.375+00:00,2019-09-15T05:54:59.375+00:00,,,,,0,0,0,0,0
u11411,u11411.csv,20,20,0,0,0,0,0,neither,0,0,,,,,,,,,0,0,0.0,0,0,0.0,2019-09-02T03:58:33.124+00:00,2019-09-02T04:01:23.647+00:00,2019-09-02T04:01:23.647+00:00,,,,,0,0,0,0,0
u11412,u11412.csv,19007,19007,0,1,0,1,0,pay_only,0,0,2019-06-22T19:39:51.194+00:00,,,,,,,,0,0,0.0,0,0,0.0,2019-06-23T13:00:33.454+00:00,2019-09-28T05:36:59.018+00:00,2019-09-28T05:36:59.018+00:00,19006,31,96.69196254629504,161.24636173611162,0,0,0,0,0
u11415,u11415.csv,163,163,0,1,0,1,0,pay_only,0,0,2019-08-06T18:20:10.560+00:00,,,,,,,,0,0,0.0,0,0,0.0,2019-08-06T03:47:23.707+00:00,2019-09-02T04:18:56.334+00:00,2019-09-02T04:18:56.334+00:00,141,4,25.77176321759268,116.30169314814938,0,0,0,0,0
u11416,u11416.csv,28159,28159,0,0,0,0,0,neither,0,0,,,,,,,,,0,0,0.0,0,0,0.0,2018-11-11T19:19:30.796+00:00,2019-10-02T13:47:22.016+00:00,2019-10-02T13:47:22.016+00:00,,,,,0,0,0,0,0
u11417,u11417.csv,222,222,0,0,0,0,0,neither,0,0,,,,,,,,,0,0,0.0,0,0,0.0,2019-08-31T03:57:48.553+00:00,2019-09-03T03:35:36.431+00:00,2019-09-03T03:35:36.431+00:00,,,,,0,0,0,0,0
u11419,u11419.csv,1035,1035,0,1,0,1,0,pay_only,0,0,2019-07-14T17:50:23.705+00:00,,,,,,,,0,0,0.0,0,0,0.0,2019-06-15T10:14:49.838+00:00,2019-09-02T15:05:27.950+00:00,2019-09-02T15:05:27.950+00:00,932,12,45.94632493055529,139.32237434027923,0,0,0,0,0
u1142,u1142.csv,7770,7770,0,1,0,1,0,pay_only,0,0,2019-06-01T00:56:41.631+00:00,,,,,,,,0,0,0.0,0,0,0.0,2019-06-01T12:57:58.277+00:00,2019-08-14T17:12:23.816+00:00,2019-08-14T17:12:23.816+00:00,7769,29,74.17668447916706,183.02633353009267,0,0,0,0,0
u11421,u11421.csv,2791,2791,0,1,0,1,0,pay_only,0,0,2019-08-06T15:40:15.252+00:00,,,,,,,,0,0,0.0,0,0,0.0,2019-07-29T10:41:53.052+00:00,2019-09-09T07:57:31.077+00:00,2019-09-09T07:57:31.077+00:00,2758,14,33.06303368055434,116.4127499537032,0,0,0,0,0
u11423,u11423.csv,35,35,0,0,0,0,0,neither,0,0,,,,,,,,,0,0,0.0,0,0,0.0,2019-09-02T04:00:24.162+00:00,2019-09-18T07:58:29.165+00:00,2019-09-18T07:58:29.165+00:00,,,,,0,0,0,0,0
u11424,u11424.csv,429,429,0,1,0,1,0,pay_only,0,0,2019-08-04T21:41:10.275+00:00,,,,,,,,0,0,0.0,0,0,0.0,2019-08-08T11:43:45.868+00:00,2019-08-28T14:23:08.822+00:00,2019-08-28T14:23:08.822+00:00,428,4,20.11068233796292,118.16211311342539,0,0,0,0,0
u11425,u11425.csv,1487,1487,0,1,0,2,0,pay_only,0,0,2019-08-12T15:15:21.811+00:00,,,,,,,,0,0,0.0,0,0,0.0,2019-08-13T08:47:46.470+00:00,2019-11-24T14:42:18.066+00:00,2019-11-24T14:42:18.066+00:00,1485,25,103.24619902777727,110.43003515046227,0,0,0,0,0
u11427,u11427.csv,972,972,0,1,0,1,0,pay_only,0,0,2019-08-11T19:20:54.932+00:00,,,,,,,,0,0,0.0,0,0,0.0,2019-08-12T04:08:28.372+00:00,2019-09-02T04:26:00.484+00:00,2019-09-02T04:26:00.484+00:00,971,4,21.01217722222209,111.25951291666814,0,0,0,0,0
u11428,u11428.csv,14239,14239,0,1,0,1,0,pay_only,0,0,2019-10-05T01:11:48.922+00:00,,,,,,,,0,0,0.0,0,0,0.0,2019-09-02T22:45:51.599+00:00,2019-11-22T12:15:41.837+00:00,2019-11-22T12:15:41.837+00:00,6611,40,48.0815223726851,57.01583247685322,0,0,0,0,0
u11429,u11429.csv,195,195,0,1,0,1,0,pay_only,0,0,2019-07-29T14:42:00.946+00:00,,,,,,,,0,0,0.0,0,0,0.0,2019-07-30T08:57:33.628+00:00,2019-08-24T13:02:25.961+00:00,2019-08-24T13:02:25.961+00:00,194,3,25.170050150462323,124.45319331018462,0,0,0,0,0
u11432,u11432.csv,5133,5133,0,1,0,2,0,pay_only,0,0,2019-03-12T04:59:57.353+00:00,,,,,,,,0,0,0.0,0,0,0.0,2019-03-12T07:56:30.480+00:00,2019-09-03T11:47:08.372+00:00,2019-09-03T11:47:08.372+00:00,5131,15,175.16016078703657,263.8574015625014,0,0,0,0,0
u11433,u11433.csv,3558,3558,0,0,0,0,0,neither,0,0,,,,,,,,,0,0,0.0,0,0,0.0,2019-04-25T06:56:17.514+00:00,2019-06-03T08:00:13.781+00:00,2019-06-03T08:00:13.781+00:00,,,,,0,0,0,0,0
u11436,u11436.csv,14742,14742,0,1,0,1,0,pay_only,0,0,2019-08-15T19:12:55.916+00:00,,,,,,,,0,0,0.0,0,0,0.0,2019-08-15T18:25:36.086+00:00,2019-11-23T23:37:29.007+00:00,2019-11-23T23:37:29.007+00:00,14698,59,99.80836265046287,107.2650570833352,0,0,0,0,0
u11438,u11438.csv,1040,1040,0,1,0,1,0,pay_only,0,0,2019-08-31T07:38:28.514+00:00,,,,,,,,0,0,0.0,0,0,0.0,2019-08-31T16:27:15.531+00:00,2019-09-28T05:24:52.579+00:00,2019-09-28T05:24:52.579+00:00,1039,4,27.540012129630757,91.74731868055683,0,0,0,0,0
u1144,u1144.csv,5126,5126,0,1,0,1,0,pay_only,0,0,2019-07-06T03:55:08.261+00:00,,,,,,,,0,0,0.0,0,0,0.0,2019-07-06T13:49:31.913+00:00,2019-07-15T07:52:51.538+00:00,2019-07-15T07:52:51.538+00:00,5125,10,8.752310474537037,147.9024142013904,0,0,0,0,0
u11441,u11441.csv,1378,1378,0,0,0,0,0,neither,0,0,,,,,,,,,0,0,0.0,0,0,0.0,2019-08-20T08:29:28.684+00:00,2019-09-05T06:08:48.355+00:00,2019-09-05T06:08:48.355+00:00,,,,,0,0,0,0,0
u11443,u11443.csv,3029,3029,0,1,0,1,0,pay_only,0,0,2019-08-08T20:33:14.249+00:00,,,,,,,,0,0,0.0,0,0,0.0,2019-08-04T05:27:44.949+00:00,2019-09-10T22:56:58.397+00:00,2019-09-10T22:56:58.397+00:00,2462,17,32.344186192130046,114.20928934027751,0,0,0,0,0
u11444,u11444.csv,37,37,0,0,0,0,0,neither,0,0,,,,,,,,,0,0,0.0,0,0,0.0,2019-09-02T04:07:00.100+00:00,2019-09-02T04:12:23.353+00:00,2019-09-02T04:12:23.353+00:00,,,,,0,0,0,0,0
u11447,u11447.csv,26,26,0,0,0,0,0,neither,0,0,,,,,,,,,0,0,0.0,0,0,0.0,2019-09-02T04:07:15.337+00:00,2019-09-02T04:10:13.778+00:00,2019-09-02T04:10:13.778+00:00,,,,,0,0,0,0,0
u11448,u11448.csv,23,23,0,0,0,0,0,neither,0,0,,,,,,,,,0,0,0.0,0,0,0.0,2019-09-02T04:07:21.855+00:00,2019-09-02T04:09:55.349+00:00,2019-09-02T04:09:55.349+00:00,,,,,0,0,0,0,0
u11449,u11449.csv,25,25,0,1,1,1,1,pay_then_refund,1,1,2019-09-01T20:01:23.255+00:00,2019-09-03T22:21:58.009+00:00,2019-09-01T20:01:23.255+00:00,2019-09-03T22:21:58.009+00:00,50.34298722220791,2.0976244675919964,2019-09-02T04:07:54.212+00:00,2019-09-02T12:24:42.140+00:00,23,1,0.34499916666911706,23,1,0.34499916666911706,2019-09-02T04:07:54.212+00:00,2019-09-02T12:24:42.140+00:00,2019-09-03T22:21:58.009+00:00,,,,90.23140732638814,0,0,0,0,0
u1145,u1145.csv,35031,35031,0,1,0,2,0,pay_only,0,0,2019-07-08T20:42:32.796+00:00,,,,,,,,0,0,0.0,0,0,0.0,2019-06-07T07:37:10.305+00:00,2019-11-26T15:41:21.349+00:00,2019-11-26T15:41:21.349+00:00,35000,90,140.41511093750043,145.20282467592645,0,0,0,0,0
u11451,u11451.csv,63,63,0,0,0,0,0,neither,0,0,,,,,,,,,0,0,0.0,0,0,0.0,2019-10-27T12:59:51.882+00:00,2019-10-29T14:47:04.211+00:00,2019-10-29T14:47:04.211+00:00,,,,,0,0,0,0,0
u11454,u11454.csv,29,29,0,0,0,0,0,neither,0,0,,,,,,,,,0,0,0.0,0,0,0.0,2019-09-02T04:09:20.073+00:00,2019-09-02T04:11:47.188+00:00,2019-09-02T04:11:47.188+00:00,,,,,0,0,0,0,0
u11457,u11457.csv,9436,9436,0,1,0,1,0,pay_only,0,0,2019-03-20T11:59:28.239+00:00,,,,,,,,0,0,0.0,0,0,0.0,2019-01-25T23:52:15.896+00:00,2019-09-03T22:00:17.773+00:00,2019-09-03T22:00:17.773+00:00,7897,84,167.04205687499984,255.56607186342555,0,0,0,0,0
u11459,u11459.csv,755,755,0,0,0,0,0,neither,0,0,,,,,,,,,0,0,0.0,0,0,0.0,2019-09-02T04:09:38.518+00:00,2019-09-03T00:49:26.110+00:00,2019-09-03T00:49:26.110+00:00,,,,,0,0,0,0,0
u1146,u1146.csv,3401,3401,0,1,0,1,0,pay_only,0,0,2019-07-06T06:56:51.501+00:00,,,,,,,,0,0,0.0,0,0,0.0,2019-07-09T13:26:23.867+00:00,2019-08-20T09:30:27.515+00:00,2019-08-20T09:30:27.515+00:00,3400,23,41.83615333333336,147.7762192939829,0,0,0,0,0
u11460,u11460.csv,134,134,0,0,0,0,0,neither,0,0,,,,,,,,,0,0,0.0,0,0,0.0,2019-09-02T04:10:03.396+00:00,2019-09-03T04:39:04.085+00:00,2019-09-03T04:39:04.085+00:00,,,,,0,0,0,0,0
u11461,u11461.csv,139,139,0,0,0,0,0,neither,0,0,,,,,,,,,0,0,0.0,0,0,0.0,2019-02-07T01:00:43.424+00:00,2019-07-27T16:44:09.924+00:00,2019-07-27T16:44:09.924+00:00,,,,,0,0,0,0,0
u11462,u11462.csv,15,15,0,0,0,0,0,neither,0,0,,,,,,,,,0,0,0.0,0,0,0.0,2019-09-02T04:10:20.043+00:00,2019-09-02T04:12:20.645+00:00,2019-09-02T04:12:20.645+00:00,,,,,0,0,0,0,0
u11463,u11463.csv,958,958,0,1,0,1,0,pay_only,0,0,2019-07-26T20:41:21.175+00:00,,,,,,,,0,0,0.0,0,0,0.0,2019-09-03T06:04:15.104+00:00,2019-11-15T23:19:21.451+00:00,2019-11-15T23:19:21.451+00:00,957,6,73.7188234606468,127.20365362268632,0,0,0,0,0
u11464,u11464.csv,107,107,0,0,0,0,0,neither,0,0,,,,,,,,,0,0,0.0,0,0,0.0,2018-11-13T08:48:55.983+00:00,2018-11-13T08:59:15.958+00:00,2018-11-13T08:59:15.958+00:00,,,,,0,0,0,0,0
u11465,u11465.csv,22,22,0,0,0,0,0,neither,0,0,,,,,,,,,0,0,0.0,0,0,0.0,2019-09-02T04:11:21.123+00:00,2019-09-03T09:59:12.377+00:00,2019-09-03T09:59:12.377+00:00,,,,,0,0,0,0,0
u11467,u11467.csv,3185,3185,0,1,0,1,0,pay_only,0,0,2019-09-01T20:09:12.485+00:00,,,,,,,,0,0,0.0,0,0,0.0,2019-09-02T04:11:17.930+00:00,2019-10-13T00:19:07.399+00:00,2019-10-13T00:19:07.399+00:00,3184,24,40.838767002313226,90.2259764236129,0,0,0,0,0
u1147,u1147.csv,1635,1635,0,0,0,0,0,neither,0,0,,,,,,,,,0,0,0.0,0,0,0.0,2019-07-04T14:56:09.419+00:00,2019-08-10T13:37:01.089+00:00,2019-08-10T13:37:01.089+00:00,,,,,0,0,0,0,0
u11470,u11470.csv,5187,5187,0,0,0,0,0,neither,0,0,,,,,,,,,0,0,0.0,0,0,0.0,2019-07-26T06:28:30.806+00:00,2019-10-09T14:13:19.469+00:00,2019-10-09T14:13:19.469+00:00,,,,,0,0,0,0,0
u11471,u11471.csv,64,64,0,0,0,0,0,neither,0,0,,,,,,,,,0,0,0.0,0,0,0.0,2019-07-30T15:57:15.318+00:00,2019-09-02T04:15:54.175+00:00,2019-09-02T04:15:54.175+00:00,,,,,0,0,0,0,0
u11475,u11475.csv,52,52,0,0,0,0,0,neither,0,0,,,,,,,,,0,0,0.0,0,0,0.0,2019-07-04T23:07:10.321+00:00,2019-07-28T09:49:31.692+00:00,2019-07-28T09:49:31.692+00:00,,,,,0,0,0,0,0
u11478,u11478.csv,348,348,0,0,0,0,0,neither,0,0,,,,,,,,,0,0,0.0,0,0,0.0,2018-10-03T12:41:06.551+00:00,2019-09-02T04:19:05.840+00:00,2019-09-02T04:19:05.840+00:00,,,,,0,0,0,0,0
u11479,u11479.csv,7094,7094,0,1,1,1,1,pay_then_refund,1,1,2019-08-02T03:27:16.589+00:00,2019-11-27T18:56:12.437+00:00,2019-08-02T03:27:16.589+00:00,2019-11-27T18:56:12.437+00:00,2823.4821800000136,117.64509083333391,2019-07-31T11:29:17.766+00:00,2019-10-29T12:41:54.794+00:00,7092,35,90.0504285648134,6909,34,87.26398118055529,2019-07-31T11:29:17.766+00:00,2019-10-29T12:41:54.794+00:00,2019-11-27T18:56:12.437+00:00,,,,120.92176225694517,0,0,0,0,0
u1148,u1148.csv,4592,4592,0,0,0,0,0,neither,0,0,,,,,,,,,0,0,0.0,0,0,0.0,2019-07-08T00:56:45.600+00:00,2019-07-27T23:52:55.267+00:00,2019-07-27T23:52:55.267+00:00,,,,,0,0,0,0,0
u11483,u11483.csv,1866,1866,0,1,0,1,0,pay_only,0,0,2019-08-26T18:26:11.269+00:00,,,,,,,,0,0,0.0,0,0,0.0,2019-03-30T02:49:38.376+00:00,2019-09-22T14:55:20.246+00:00,2019-09-22T14:55:20.246+00:00,1093,10,26.239076562501765,96.29751827546292,0,0,0,0,0
u11484,u11484.csv,2206,2206,0,1,0,1,0,pay_only,0,0,2019-03-21T21:49:58.482+00:00,,,,,,,,0,0,0.0,0,0,0.0,2019-03-20T06:16:45.947+00:00,2019-09-27T10:20:04.547+00:00,2019-09-27T10:20:04.547+00:00,2008,23,189.26752284722195,254.15599960648075,0,0,0,0,0
u11487,u11487.csv,641,641,0,1,0,1,0,pay_only,0,0,2019-08-04T02:22:08.204+00:00,,,,,,,,0,0,0.0,0,0,0.0,2019-08-06T13:17:13.186+00:00,2019-09-14T14:36:05.737+00:00,2019-09-14T14:36:05.737+00:00,640,11,39.05477489583194,118.96699819444507,0,0,0,0,0
u11488,u11488.csv,1670,1670,0,1,0,1,0,pay_only,0,0,2019-07-01T18:48:32.510+00:00,,,,,,,,0,0,0.0,0,0,0.0,2019-06-30T04:40:16.033+00:00,2019-09-02T05:00:16.944+00:00,2019-09-02T05:00:16.944+00:00,1634,18,59.98049190972139,152.28199465277845,0,0,0,0,0
u11489,u11489.csv,35,35,0,0,0,0,0,neither,0,0,,,,,,,,,0,0,0.0,0,0,0.0,2019-09-02T04:15:09.977+00:00,2019-09-02T04:20:45.018+00:00,2019-09-02T04:20:45.018+00:00,,,,,0,0,0,0,0
u1149,u1149.csv,669,669,0,1,0,1,0,pay_only,0,0,2019-07-24T18:05:10.498+00:00,,,,,,,,0,0,0.0,0,0,0.0,2019-07-07T13:24:59.880+00:00,2019-08-01T12:55:23.187+00:00,2019-08-01T12:55:23.187+00:00,457,4,7.39397589120324,129.31211053240906,0,0,0,0,0
u11490,u11490.csv,32,32,0,1,0,1,0,pay_only,0,0,2019-09-01T07:25:20.611+00:00,,,,,,,,0,0,0.0,0,0,0.0,2019-08-28T10:29:28.205+00:00,2019-08-29T09:21:30.111+00:00,2019-09-01T07:25:20.611+00:00,0,0,0.0,90.75643792824062,0,0,0,0,0
u11491,u11491.csv,405,405,0,1,0,2,0,pay_only,0,0,2019-08-30T17:29:15.132+00:00,,,,,,,,0,0,0.0,0,0,0.0,2019-08-31T02:22:07.806+00:00,2019-11-19T06:38:36.522+00:00,2019-11-19T06:38:36.522+00:00,403,4,80.17811013888982,92.33705689814907,0,0,0,0,0
u11492,u11492.csv,38,38,0,1,0,1,0,pay_only,0,0,2019-08-31T03:16:38.305+00:00,,,,,,,,0,0,0.0,0,0,0.0,2019-09-12T19:49:21.188+00:00,2019-09-17T16:13:08.196+00:00,2019-09-17T16:13:08.196+00:00,37,2,4.849849629631197,91.92914980324055,0,0,0,0,0
u11493,u11493.csv,241,241,0,1,0,1,0,pay_only,0,0,2019-09-01T19:55:20.598+00:00,,,,,,,,0,0,0.0,0,0,0.0,2019-09-02T04:17:06.251+00:00,2019-10-09T10:24:14.834+00:00,2019-10-09T10:24:14.834+00:00,240,3,37.25496045139101,90.23560474537037,0,0,0,0,0
u11496,u11496.csv,1111,1111,0,0,0,0,0,neither,0,0,,,,,,,,,0,0,0.0,0,0,0.0,2019-07-28T10:25:19.623+00:00,2019-09-15T05:28:47.758+00:00,2019-09-15T05:28:47.758+00:00,,,,,0,0,0,0,0
u11497,u11497.csv,7968,7968,0,1,0,2,0,pay_only,0,0,2019-06-17T05:30:20.600+00:00,,,,,,,,0,0,0.0,0,0,0.0,2019-08-18T14:54:21.814+00:00,2019-09-07T12:48:32.542+00:00,2019-09-07T12:48:32.542+00:00,7966,15,19.912624166668564,166.83629916666834,0,0,0,0,0
u115,u115.csv,3745,3745,0,1,0,1,0,pay_only,0,0,2019-06-25T20:00:57.927+00:00,,,,,,,,0,0,0.0,0,0,0.0,2019-06-26T04:18:36.475+00:00,2019-08-23T13:39:18.718+00:00,2019-08-23T13:39:18.718+00:00,3744,25,58.389377812500356,158.2317004745371,0,0,0,0,0
u1150,u1150.csv,297,297,0,0,0,0,0,neither,0,0,,,,,,,,,0,0,0.0,0,0,0.0,2019-07-10T14:24:12.287+00:00,2019-08-01T16:47:49.709+00:00,2019-08-01T16:47:49.709+00:00,,,,,0,0,0,0,0
u11500,u11500.csv,24,24,0,0,0,0,0,neither,0,0,,,,,,,,,0,0,0.0,0,0,0.0,2019-09-02T04:17:58.168+00:00,2019-09-02T04:20:54.889+00:00,2019-09-02T04:20:54.889+00:00,,,,,0,0,0,0,0
u11504,u11504.csv,9865,9865,0,1,0,1,0,pay_only,0,0,2019-08-11T18:43:25.839+00:00,,,,,,,,0,0,0.0,0,0,0.0,2019-07-26T10:42:58.763+00:00,2019-10-10T05:50:13.813+00:00,2019-10-10T05:50:13.813+00:00,9774,18,57.10982212962928,111.28554408564888,0,0,0,0,0
u11505,u11505.csv,4451,4451,0,1,0,1,0,pay_only,0,0,2019-07-21T04:03:25.571+00:00,,,,,,,,0,0,0.0,0,0,0.0,2019-07-20T04:57:37.269+00:00,2019-09-07T12:44:07.479+00:00,2019-09-07T12:44:07.479+00:00,4411,36,47.98406910879744,132.89665829861053,0,0,0,0,0
u11506,u11506.csv,1258,1258,0,0,0,0,0,neither,0,0,,,,,,,,,0,0,0.0,0,0,0.0,2019-08-01T08:05:52.050+00:00,2019-08-08T17:32:28.807+00:00,2019-08-08T17:32:28.807+00:00,,,,,0,0,0,0,0
u11507,u11507.csv,23034,23034,0,0,0,0,0,neither,0,0,,,,,,,,,0,0,0.0,0,0,0.0,2019-08-04T01:08:17.052+00:00,2019-10-06T08:32:21.587+00:00,2019-10-06T08:32:21.587+00:00,,,,,0,0,0,0,0
u11509,u11509.csv,412,412,0,0,0,0,0,neither,0,0,,,,,,,,,0,0,0.0,0,0,0.0,2019-09-01T06:33:48.448+00:00,2019-09-07T11:40:05.936+00:00,2019-09-07T11:40:05.936+00:00,,,,,0,0,0,0,0
u1151,u1151.csv,50,50,0,0,0,0,0,neither,0,0,,,,,,,,,0,0,0.0,0,0,0.0,2019-07-02T23:33:23.675+00:00,2019-07-10T15:19:58.585+00:00,2019-07-10T15:19:58.585+00:00,,,,,0,0,0,0,0
u11514,u11514.csv,6864,6864,0,1,0,1,0,pay_only,0,0,2019-07-01T20:44:05.813+00:00,,,,,,,,0,0,0.0,0,0,0.0,2019-07-01T10:33:35.667+00:00,2019-09-28T05:17:42.530+00:00,2019-09-28T05:17:42.530+00:00,6836,22,87.97469251157509,152.20174809027878,0,0,0,0,0
u11519,u11519.csv,6052,6052,0,1,0,1,0,pay_only,0,0,2019-10-10T21:36:26.854+00:00,,,,,,,,0,0,0.0,0,0,0.0,2019-02-25T09:27:37.295+00:00,2019-10-21T12:21:50.084+00:00,2019-10-21T12:21:50.084+00:00,2822,10,10.249849108796981,51.16539344907359,0,0,0,0,0
u1152,u1152.csv,8306,8306,0,1,0,1,0,pay_only,0,0,2019-07-07T08:27:54.289+00:00,,,,,,,,0,0,0.0,0,0,0.0,2018-09-27T13:19:27.564+00:00,2019-07-10T16:41:17.668+00:00,2019-07-10T16:41:17.668+00:00,40,1,0.009262407408268364,146.71299258101868,0,0,0,0,0
u11521,u11521.csv,32,32,0,0,0,0,0,neither,0,0,,,,,,,,,0,0,0.0,0,0,0.0,2019-08-31T10:48:08.677+00:00,2019-08-31T10:51:17.324+00:00,2019-08-31T10:51:17.324+00:00,,,,,0,0,0,0,0
u11524,u11524.csv,11403,11403,0,0,0,0,0,neither,0,0,,,,,,,,,0,0,0.0,0,0,0.0,2019-03-15T18:34:38.087+00:00,2019-09-01T09:38:09.467+00:00,2019-09-01T09:38:09.467+00:00,,,,,0,0,0,0,0
u11525,u11525.csv,10973,10973,0,1,0,1,0,pay_only,0,0,2019-04-16T01:21:46.276+00:00,,,,,,,,0,0,0.0,0,0,0.0,2019-04-16T13:37:32.942+00:00,2019-08-18T11:16:55.707+00:00,2019-08-18T11:16:55.707+00:00,10972,86,123.90234681713085,229.00891865740772,0,0,0,0,0
u11526,u11526.csv,19,19,0,0,0,0,0,neither,0,0,,,,,,,,,0,0,0.0,0,0,0.0,2019-09-02T04:24:59.754+00:00,2019-09-02T04:27:05.416+00:00,2019-09-02T04:27:05.416+00:00,,,,,0,0,0,0,0
u11527,u11527.csv,18,18,0,0,0,0,0,neither,0,0,,,,,,,,,0,0,0.0,0,0,0.0,2019-09-02T04:25:24.458+00:00,2019-09-02T04:28:57.203+00:00,2019-09-02T04:28:57.203+00:00,,,,,0,0,0,0,0
u11529,u11529.csv,3722,3722,0,1,0,1,0,pay_only,0,0,2019-07-22T23:08:57.759+00:00,,,,,,,,0,0,0.0,0,0,0.0,2019-07-24T08:11:23.608+00:00,2019-09-24T06:11:12.584+00:00,2019-09-24T06:11:12.584+00:00,3721,24,61.91653907407489,131.10114686342578,0,0,0,0,0
u11531,u11531.csv,1040,1040,0,1,0,1,0,pay_only,0,0,2019-09-03T13:27:12.335+00:00,,,,,,,,0,0,0.0,0,0,0.0,2019-09-02T04:26:19.735+00:00,2019-09-23T04:19:35.922+00:00,2019-09-23T04:19:35.922+00:00,1000,11,19.1445584722222,88.50514482638903,0,0,0,0,0
u11532,u11532.csv,763,763,0,1,0,1,0,pay_only,0,0,2019-09-05T16:36:05.317+00:00,,,,,,,,0,0,0.0,0,0,0.0,2019-09-17T03:06:16.577+00:00,2019-10-06T07:15:02.368+00:00,2019-10-06T07:15:02.368+00:00,762,8,19.172752210649627,86.37397605324233,0,0,0,0,0
u11535,u11535.csv,5657,5657,0,1,0,1,0,pay_only,0,0,2019-07-18T03:49:25.738+00:00,,,,,,,,0,0,0.0,0,0,0.0,2019-07-18T12:27:09.319+00:00,2019-11-07T13:10:21.339+00:00,2019-11-07T13:10:21.339+00:00,5656,47,112.03000023148127,135.9063785879645,0,0,0,0,0
u11536,u11536.csv,1277,1277,0,0,0,0,0,neither,0,0,,,,,,,,,0,0,0.0,0,0,0.0,2019-08-30T05:52:30.267+00:00,2019-11-04T04:37:35.810+00:00,2019-11-04T04:37:35.810+00:00,,,,,0,0,0,0,0
u11537,u11537.csv,26,26,0,1,0,1,0,pay_only,0,0,2019-08-22T19:45:48.697+00:00,,,,,,,,0,0,0.0,0,0,0.0,2019-08-23T04:11:48.448+00:00,2019-08-23T05:07:59.278+00:00,2019-08-23T05:07:59.278+00:00,25,1,0.03901423611298755,100.24222396990767,0,0,0,0,0
u1154,u1154.csv,40871,40871,0,1,0,2,0,pay_only,0,0,2019-03-22T16:30:08.176+00:00,,,,,,,,0,0,0.0,0,0,0.0,2019-03-23T01:30:37.733+00:00,2019-10-24T06:57:56.153+00:00,2019-10-24T06:57:56.153+00:00,40869,150,215.22729652777866,253.37810962962882,0,0,0,0,0
u11540,u11540.csv,21609,21609,0,1,0,1,0,pay_only,0,0,2019-04-16T00:09:43.695+00:00,,,,,,,,0,0,0.0,0,0,0.0,2019-04-15T05:32:26.122+00:00,2019-09-28T03:48:43.776+00:00,2019-09-28T03:48:43.776+00:00,21575,121,162.85720432870366,229.05894853009394,0,0,0,0,0
u11542,u11542.csv,112,112,0,1,0,1,0,pay_only,0,0,2019-08-01T20:18:58.985+00:00,,,,,,,,0,0,0.0,0,0,0.0,2019-07-14T09:47:13.521+00:00,2019-08-11T00:35:38.542+00:00,2019-08-11T00:35:38.542+00:00,48,1,0.002800937501920594,121.21918822916845,0,0,0,0,0
u11543,u11543.csv,5296,5296,0,0,0,0,0,neither,0,0,,,,,,,,,0,0,0.0,0,0,0.0,2019-07-06T02:03:10.123+00:00,2019-11-26T14:18:19.738+00:00,2019-11-26T14:18:19.738+00:00,,,,,0,0,0,0,0
u11544,u11544.csv,139,139,0,0,0,0,0,neither,0,0,,,,,,,,,0,0,0.0,0,0,0.0,2019-09-02T04:29:37.918+00:00,2019-09-02T04:53:41.032+00:00,2019-09-02T04:53:41.032+00:00,,,,,0,0,0,0,0
u11545,u11545.csv,15876,15876,0,1,0,1,0,pay_only,0,0,2019-06-23T20:43:21.587+00:00,,,,,,,,0,0,0.0,0,0,0.0,2019-06-13T03:51:18.531+00:00,2019-11-17T23:38:45.346+00:00,2019-11-17T23:38:45.346+00:00,15126,29,146.74660228009301,160.20225996527958,0,0,0,0,0
u11546,u11546.csv,947,947,0,0,0,0,0,neither,0,0,,,,,,,,,0,0,0.0,0,0,0.0,2019-08-21T07:57:46.152+00:00,2019-09-02T04:32:54.285+00:00,2019-09-02T04:32:54.285+00:00,,,,,0,0,0,0,0
u11547,u11547.csv,884,884,0,1,0,1,0,pay_only,0,0,2019-08-28T16:46:21.807+00:00,,,,,,,,0,0,0.0,0,0,0.0,2019-08-29T01:59:26.185+00:00,2019-09-02T13:45:32.510+00:00,2019-09-02T13:45:32.510+00:00,883,3,4.490350983796848,94.36684075231629,0,0,0,0,0
u11549,u11549.csv,11359,11359,0,0,0,0,0,neither,0,0,,,,,,,,,0,0,0.0,0,0,0.0,2019-07-06T04:22:18.906+00:00,2019-11-26T23:05:50.779+00:00,2019-11-26T23:05:50.779+00:00,,,,,0,0,0,0,0
u1155,u1155.csv,279,279,0,0,0,0,0,neither,0,0,,,,,,,,,0,0,0.0,0,0,0.0,2019-07-09T01:22:04.663+00:00,2019-09-16T06:48:37.108+00:00,2019-09-16T06:48:37.108+00:00,,,,,0,0,0,0,0
u11550,u11550.csv,685,685,0,0,0,0,0,neither,0,0,,,,,,,,,0,0,0.0,0,0,0.0,2019-09-02T04:30:20.702+00:00,2019-09-28T05:40:42.489+00:00,2019-09-28T05:40:42.489+00:00,,,,,0,0,0,0,0
u11551,u11551.csv,48,48,0,0,0,0,0,neither,0,0,,,,,,,,,0,0,0.0,0,0,0.0,2019-09-02T04:30:12.291+00:00,2019-09-04T05:06:06.031+00:00,2019-09-04T05:06:06.031+00:00,,,,,0,0,0,0,0
u11556,u11556.csv,300,300,0,1,1,3,1,pay_then_refund,1,1,2018-12-29T20:52:12.421+00:00,2019-11-27T17:32:18.104+00:00,2019-11-14T22:21:34.234+00:00,2019-11-27T17:32:18.104+00:00,307.1788527778122,12.799118865742175,2019-01-03T23:52:53.346+00:00,2019-01-04T00:39:31.213+00:00,296,2,0.0323827199085995,0,0,0.0,2019-01-03T23:52:53.346+00:00,2019-01-04T00:39:31.213+00:00,2019-11-27T17:32:18.104+00:00,,,,336.19611605324127,0,0,0,0,0
u11557,u11557.csv,3,3,0,0,0,0,0,neither,0,0,,,,,,,,,0,0,0.0,0,0,0.0,2019-09-02T04:31:33.322+00:00,2019-09-02T04:31:44.847+00:00,2019-09-02T04:31:44.847+00:00,,,,,0,0,0,0,0
u11558,u11558.csv,1223,1223,0,1,0,1,0,pay_only,0,0,2019-08-05T02:44:57.757+00:00,,,,,,,,0,0,0.0,0,0,0.0,2018-11-03T02:59:09.821+00:00,2019-10-29T22:48:04.901+00:00,2019-10-29T22:48:04.901+00:00,1176,21,84.99116776620349,117.951146886575,0,0,0,0,0
u11559,u11559.csv,26,26,0,0,0,0,0,neither,0,0,,,,,,,,,0,0,0.0,0,0,0.0,2019-09-02T04:31:48.834+00:00,2019-09-02T04:35:44.582+00:00,2019-09-02T04:35:44.582+00:00,,,,,0,0,0,0,0
u1156,u1156.csv,2638,2638,0,0,0,0,0,neither,0,0,,,,,,,,,0,0,0.0,0,0,0.0,2019-07-03T09:51:33.588+00:00,2019-07-24T22:47:48.054+00:00,2019-07-24T22:47:48.054+00:00,,,,,0,0,0,0,0
u11560,u11560.csv,6321,6321,0,1,0,1,0,pay_only,0,0,2019-08-14T03:17:02.949+00:00,,,,,,,,0,0,0.0,0,0,0.0,2019-08-14T10:01:54.865+00:00,2019-09-09T11:51:57.384+00:00,2019-09-09T11:51:57.384+00:00,6320,21,26.0764180439821,108.9288645717612,0,0,0,0,0
u11563,u11563.csv,50,50,0,1,0,1,0,pay_only,0,0,2019-08-18T18:58:21.019+00:00,,,,,,,,0,0,0.0,0,0,0.0,2019-09-02T14:31:02.755+00:00,2019-09-02T14:43:08.345+00:00,2019-09-02T14:43:08.345+00:00,49,1,0.008398032406413996,104.27518320601847,0,0,0,0,0
u11564,u11564.csv,24502,24502,0,0,0,0,0,neither,0,0,,,,,,,,,0,0,0.0,0,0,0.0,2019-03-25T01:10:24.043+00:00,2019-11-26T05:07:23.842+00:00,2019-11-26T05:07:23.842+00:00,,,,,0,0,0,0,0
u11569,u11569.csv,111,111,0,1,0,1,0,pay_only,0,0,2019-09-04T20:06:54.154+00:00,,,,,,,,0,0,0.0,0,0,0.0,2019-09-02T04:33:31.689+00:00,2019-09-02T05:01:56.137+00:00,2019-09-04T20:06:54.154+00:00,0,0,0.0,87.22757747685192,0,0,0,0,0
u1157,u1157.csv,748,748,0,1,0,1,0,pay_only,0,0,2019-07-05T19:33:43.446+00:00,,,,,,,,0,0,0.0,0,0,0.0,2019-07-06T08:50:22.945+00:00,2019-07-28T00:35:38.466+00:00,2019-07-28T00:35:38.466+00:00,747,8,21.656429641205403,148.25061807870313,0,0,0,0,0
u11572,u11572.csv,3272,3272,0,0,0,0,0,neither,0,0,,,,,,,,,0,0,0.0,0,0,0.0,2018-12-24T13:46:54.683+00:00,2019-09-03T00:04:25.483+00:00,2019-09-03T00:04:25.483+00:00,,,,,0,0,0,0,0
